CustomerID,Recency,Frequency,Monetary,Cluster
12346,325,1,77183.6,5
12347,1,182,4310,0
12348,74,31,1797.24,0
12349,18,73,1757.55,0
12350,309,17,334.4,5
12352,35,85,2506.04,0
12353,203,4,89,5
12354,231,58,1079.4,5
12355,213,13,459.4,5
12356,22,59,2811.43,0
12357,32,131,6207.67,0
12358,1,19,1168.06,0
12359,57,248,6372.58,0
12360,51,129,2662.06,0
12361,286,10,189.9,5
12362,2,266,5226.23,0
12363,109,23,552,0
12364,7,85,1313.1,0
12365,290,22,641.38,5
12367,3,11,168.9,0
12370,50,167,3545.69,0
12371,44,63,1887.96,0
12372,71,52,1298.04,0
12373,310,14,364.6,5
12374,24,33,742.93,0
12375,10,17,457.5,0
12377,314,77,1628.12,5
12378,129,219,4008.62,0
12379,81,40,852.24,0
12380,21,104,2724.81,0
12381,4,87,1845.31,0
12383,184,99,1850.56,5
12384,28,27,585.27,0
12386,337,10,401.9,5
12388,15,100,2780.66,0
12390,79,32,549.84,0
12391,21,100,460.89,0
12393,71,64,1582.6,0
12394,63,27,1272.48,0
12395,18,156,3018.63,0
12397,35,126,2409.9,0
12398,45,85,1635.66,0
12399,118,59,1108.65,0
12401,302,5,84.3,5
12402,322,11,225.6,5
12403,49,5,427.7,0
12405,148,54,1710.39,5
12406,21,105,3415.3,0
12407,49,77,1708.12,0
12408,32,105,2888.55,0
12409,78,109,11072.67,0
12410,308,26,693.33,5
12412,74,61,1226.88,0
12413,66,38,758.1,0
12414,216,18,562.41,5
12415,23,714,124914.53,4
12417,2,192,3649.1,0
12418,112,34,668.58,0
12420,63,29,600.39,0
12421,15,45,807.04,0
12422,95,39,803.56,0
12423,0,125,1859.31,0
12424,162,30,1760.96,5
12425,77,36,777.2,0
12426,194,30,582.73,5
12427,21,31,825.8,0
12428,25,294,7956.46,0
12429,8,97,3750.4,0
12430,42,11,256.4,0
12431,35,235,6487.45,0
12432,42,108,5059.32,0
12433,0,420,13375.87,0
12434,84,50,806.14,0
12435,79,36,7829.89,0
12436,99,16,509.01,0
12437,1,199,4951.41,0
12438,13,98,2906.85,0
12441,366,11,173.55,5
12442,2,12,172.06,0
12444,20,176,5005.46,0
12445,21,4,133.4,0
12446,57,57,1002.31,0
12447,242,26,476.49,5
12448,43,22,449.45,0
12449,21,191,4067.29,0
12450,155,8,197.88,5
12451,10,354,9035.52,0
12452,16,22,430.57,0
12453,133,43,707.09,0
12454,55,15,3528.34,0
12455,72,90,2466.86,0
12456,43,125,3181.04,0
12457,65,62,2363.23,0
12458,70,38,947.4,0
12461,93,35,826.88,0
12462,18,62,1189.59,0
12463,52,83,1344.78,0
12464,9,29,1212.05,0
12465,16,47,742.19,0
12468,187,38,729.54,5
12471,1,460,19824.05,0
12472,31,339,6572.11,0
12473,28,168,3938.55,0
12474,16,424,7375.79,0
12475,53,36,723.38,0
12476,15,233,6816.42,0
12477,22,300,13219.74,0
12478,3,36,680.99,0
12479,10,31,527.2,0
12480,27,154,3281.63,0
12481,22,217,5596.32,0
12483,16,75,2484.98,0
12484,32,346,4541.72,0
12488,9,55,1298.66,0
12489,335,15,334.93,5
12490,4,245,5417.93,0
12491,38,26,460.4,0
12492,62,20,263.21,0
12493,165,22,433.74,5
12494,15,77,1246.1,0
12497,81,14,1043.1,0
12498,20,23,403.7,0
12500,22,61,4257.82,0
12501,336,149,2169.39,5
12502,95,147,3723.87,0
12504,17,9,482.05,0
12506,232,23,73.5,5
12507,133,21,1304.81,0
12508,25,69,398.27,0
12509,283,7,176.5,5
12510,142,33,982.57,0
12512,65,34,138.03,0
12513,112,35,612.29,0
12514,266,51,1017.68,5
12515,352,16,383.7,5
12516,77,26,1312.06,0
12517,27,284,2502.84,0
12518,0,124,2056.89,0
12519,63,18,340.84,0
12520,78,152,2634.26,0
12521,142,38,599.68,0
12522,38,12,192.72,0
12523,18,106,1789.77,0
12524,8,144,4485.72,0
12526,0,71,1316.66,0
12527,81,18,348.71,0
12528,8,92,1933.48,0
12530,59,66,1662.28,0
12531,14,17,125.22,0
12532,29,16,349.83,0
12534,130,63,1089.18,0
12535,91,34,716.35,0
12536,42,261,12601.83,0
12538,28,21,363.95,0
12539,21,273,5568.35,0
12540,19,478,13400.24,0
12541,29,52,981.18,0
12544,35,19,372.7,0
12545,74,50,1000.39,0
12546,46,69,1161.5,0
12547,197,8,207.8,5
12548,165,5,95.2,5
12550,78,57,964.83,0
12551,357,10,168,5
12552,38,20,437.82,0
12553,7,191,3692.28,0
12556,49,121,603.71,0
12557,15,33,11990.96,0
12558,7,11,269.96,0
12559,310,21,561.71,5
12560,4,105,2134.01,0
12561,302,16,238.85,5
12562,7,168,3781.74,0
12564,260,21,456.9,5
12565,288,9,145.92,5
12566,85,19,351.65,0
12567,22,446,9401.28,0
12569,1,188,4124.69,0
12571,39,34,519.61,0
12572,8,60,1020.42,0
12573,226,28,160.54,5
12574,315,11,218.45,5
12576,35,88,1315.83,0
12577,34,147,657.8,0
12578,20,114,2794.51,0
12579,77,29,440.42,0
12580,246,24,415.7,5
12581,39,15,197.71,0
12582,238,22,511.36,5
12583,2,247,7281.38,0
12584,3,96,2338.15,0
12585,233,87,2040.1,5
12586,16,11,196.94,0
12587,7,4,144,0
12588,38,10,214.9,0
12589,28,35,646.68,0
12590,210,68,9864.26,5
12591,316,26,452.85,5
12592,91,18,437.6,0
12593,108,21,418.1,0
12594,37,118,3338.22,0
12596,50,27,618.27,0
12597,18,206,3811.22,0
12598,9,132,3023.08,0
12599,28,62,1032.58,0
12600,28,64,2599.04,0
12601,189,28,577.06,5
12602,58,12,153.12,0
12603,21,2,739.2,0
12604,78,16,254.18,0
12607,59,101,1579.51,0
12609,77,60,1126.85,0
12610,22,106,2099.54,0
12611,51,65,1193.32,0
12612,73,19,704.04,0
12613,56,153,3344.38,0
12614,277,20,315.6,5
12615,1,105,2291.19,0
12616,94,32,713.3,0
12617,28,42,355.53,0
12618,21,11,177.31,0
12619,15,90,3641.24,0
12620,14,92,1339.41,0
12621,1,467,13689.67,0
12622,231,11,180.1,5
12623,275,18,305.1,5
12624,105,38,641.13,0
12625,211,86,2683.82,5
12626,22,294,6620.48,0
12627,10,230,4478.53,0
12628,3,41,786.46,0
12630,9,64,1270.88,0
12631,56,31,640.5,0
12633,58,101,2163.98,0
12635,89,101,1689.18,0
12637,66,390,6021.9,0
12638,32,39,671.69,0
12639,238,22,486.1,5
12640,23,53,1174.58,0
12641,114,10,185.9,0
12642,24,47,1013.26,0
12643,127,24,3344.64,0
12644,129,31,477.91,0
12645,33,73,1775.18,0
12646,4,45,1346.97,0
12647,21,121,3722.82,0
12648,154,21,318.05,5
12649,106,31,623.51,0
12650,2,20,314.44,0
12651,334,9,114,5
12652,330,48,919.98,5
12653,148,43,2209.85,5
12654,10,38,601.98,0
12656,16,126,4051.17,0
12657,10,47,1643.18,0
12658,18,36,686.05,0
12659,29,5,91.68,0
12660,10,13,245.1,0
12662,0,230,3849.78,0
12664,7,37,4881.88,0
12665,324,3,63,5
12667,57,33,620.13,0
12668,11,161,3807.15,0
12669,150,101,2744.03,0
12670,9,92,2996.05,0
12672,329,10,225.9,5
12673,4,42,610.52,0
12674,38,83,1970.6,0
12676,24,45,1331.39,0
12678,41,165,17628.46,0
12679,58,48,1113.02,0
12680,0,52,862.81,0
12681,14,638,13787.54,0
12682,3,525,12288.22,0
12683,3,344,8476.57,0
12684,7,105,2283.63,0
12685,27,157,2863.08,0
12686,371,7,89.14,5
12688,113,171,4873.81,0
12689,25,72,1247.61,0
12690,205,16,389.01,5
12691,27,32,1035.8,0
12693,126,39,855.91,0
12694,69,37,869.67,0
12695,6,27,582.1,0
12697,28,41,957.59,0
12700,7,268,4939.99,0
12701,79,53,797.71,0
12702,19,12,219,0
12703,70,21,283.55,0
12704,6,88,2340.84,0
12705,14,334,6868.29,0
12707,291,33,603.42,5
12708,29,157,2712.91,0
12709,14,208,9736.52,0
12710,96,77,1149.02,0
12712,28,133,4396.13,0
12713,0,38,848.55,0
12714,8,259,4708.86,0
12715,105,21,353.86,0
12716,3,69,1053.49,0
12717,150,55,1030.98,5
12718,70,19,238.25,0
12719,4,39,644.95,0
12720,2,354,5781.73,0
12721,31,161,2656.13,0
12722,84,53,997.63,0
12723,3,69,725.07,0
12724,4,53,1031.41,0
12725,370,24,427.8,5
12726,27,124,2609.1,0
12727,10,139,3980.7,0
12728,70,46,836.33,0
12729,113,26,453.01,0
12731,23,274,18895.91,0
12732,179,12,236.26,5
12733,233,22,383.95,5
12734,352,4,110.4,5
12735,314,43,779.57,5
12736,332,4,234,5
12738,371,11,155.35,5
12739,77,38,1013.04,0
12740,63,27,427.6,0
12743,133,134,546.43,0
12744,51,222,21279.29,0
12747,1,103,4196.01,0
12748,0,4595,33719.73,2
12749,3,199,4090.88,0
12750,128,15,275.88,0
12752,80,53,4366.78,0
12753,22,197,21429.39,0
12754,235,63,3010.74,5
12755,280,4,3811.95,5
12756,86,4,112.08,0
12757,15,371,7857.1,0
12758,116,97,2791.59,0
12759,51,95,1531.44,0
12762,7,69,1898.52,0
12763,137,18,494.08,0
12764,316,45,1693.88,5
12766,3,310,6989.63,0
12769,238,32,1143.6,5
12770,210,12,1351.45,5
12772,59,55,892.47,0
12775,16,66,1386.04,0
12778,19,50,822.23,0
12779,37,149,3981.36,0
12781,63,25,826.74,0
12782,4,103,2330.92,0
12783,1,84,2225.91,0
12784,8,59,574.42,0
12785,363,14,311.95,5
12787,9,20,463.66,0
12789,64,4,91.85,0
12790,191,21,324.92,5
12791,373,2,192.6,5
12792,256,25,400.54,5
12793,334,24,545.48,5
12794,52,45,860.41,0
12795,18,14,430.48,0
12797,365,13,254.03,5
12798,9,8,6977.04,0
12802,186,25,427.58,5
12808,36,28,483.65,0
12809,177,25,489.31,5
12811,260,31,514.85,5
12812,44,15,229.64,0
12814,101,2,125.92,0
12815,147,47,1063.46,5
12816,95,29,572.2,0
12817,280,4,166.04,5
12818,261,14,1542.08,5
12820,2,59,942.34,0
12821,213,6,92.72,5
12822,70,46,948.88,0
12823,74,5,1759.5,0
12824,59,25,397.12,0
12826,2,91,1474.72,0
12827,5,25,430.15,0
12828,2,56,1018.71,0
12829,336,11,293,5
12830,37,38,6814.64,0
12831,261,9,215.05,5
12832,31,27,383.03,0
12833,144,24,417.38,5
12834,282,18,312.38,5
12836,58,175,2612.86,0
12837,172,12,134.1,5
12838,33,123,683.13,0
12839,2,314,5591.42,0
12840,143,113,2726.77,0
12841,4,420,4022.35,0
12842,69,34,1118.99,0
12843,65,103,1702.26,0
12844,28,52,325.96,0
12845,266,27,354.09,5
12847,21,91,871.54,0
12849,30,51,1050.89,0
12851,96,50,135.18,0
12852,294,17,311.55,5
12853,134,78,1957.1,0
12854,78,110,1324.5,0
12855,372,3,38.1,5
12856,7,314,2179.93,0
12857,210,46,1106.4,5
12863,51,5,521.2,0
12864,137,3,147.12,0
12865,25,95,1568.23,0
12866,282,26,559.12,5
12867,25,538,4036.82,0
12868,185,107,1607.06,5
12871,83,11,380.64,0
12872,326,66,599.97,5
12873,281,4,374,5
12875,142,2,343.23,5
12876,57,85,2218.02,0
12877,3,154,1535.77,0
12878,235,47,854.99,5
12879,44,10,573.22,0
12881,275,7,298,5
12882,8,13,1463.04,0
12883,24,42,703.47,0
12884,87,7,309.05,0
12885,62,71,1175.22,0
12886,67,82,1378.4,0
12888,213,5,354.12,5
12890,23,82,380.47,0
12891,185,3,331,5
12893,30,34,188.14,0
12895,41,22,372.8,0
12897,204,4,216.5,5
12901,8,116,17654.54,0
12902,264,10,138.68,5
12904,17,72,509.58,0
12906,11,63,2919.81,0
12908,175,2,750,5
12909,39,91,2178.67,0
12910,22,75,3075.04,0
12912,2,24,1662.3,0
12913,4,50,2483.63,0
12915,148,22,363.65,5
12916,138,107,3006.15,0
12917,127,2,594,0
12919,7,50,1335.19,0
12920,16,28,164.23,0
12921,8,720,16587.09,0
12922,160,28,405.38,5
12923,63,29,176.97,0
12924,87,30,933.7,0
12925,4,45,694.05,0
12928,34,84,2062.7,0
12929,311,8,117.85,5
12930,77,25,415.8,0
12931,21,82,42055.96,0
12933,23,106,607.53,0
12935,1,129,2160.7,0
12936,16,62,1063.9,0
12937,14,120,1504.27,0
12938,25,9,114.14,0
12939,63,47,11581.8,0
12940,54,99,913.54,0
12942,130,75,683.9,0
12944,35,30,604.51,0
12945,287,23,462.95,5
12947,143,97,1603.99,0
12948,15,116,2064.95,0
12949,30,215,4167.22,0
12950,1,23,1843,0
12951,8,63,1064.07,0
12952,5,79,1387.79,0
12953,9,17,329.85,0
12955,0,180,4757.16,0
12956,305,19,108.07,5
12957,9,238,4017.54,0
12962,6,16,266.39,0
12963,7,95,1856.63,0
12965,88,109,771.91,0
12966,9,10,160.18,0
12967,357,19,1660.9,5
12968,111,5,135.95,0
12970,6,151,452.24,0
12971,3,305,11189.91,0
12974,197,8,144.8,5
12976,211,22,738.6,5
12977,155,9,39.24,5
12980,157,20,7374.9,5
12981,29,20,372.22,0
12982,242,28,390.54,5
12984,18,4,97.5,0
12985,0,76,1239.38,0
12987,73,28,558.7,0
12988,291,92,535.32,5
12989,2,64,6924.11,0
12990,30,13,409.5,0
12991,22,31,503.76,0
12993,22,27,414.76,0
12994,3,61,974.42,0
12995,84,3,211.32,0
12997,21,59,1226.89,0
12999,195,28,455.88,5
13000,106,31,534.85,0
13001,3,339,9818.82,0
13002,317,7,120.95,5
13003,105,6,149.05,0
13004,11,404,5655.91,0
13005,173,26,513.7,5
13006,55,4,81.57,0
13008,322,14,229.47,5
13011,371,3,50.55,5
13012,8,89,1661.84,0
13013,0,219,4810.94,0
13014,10,109,3466.28,0
13015,52,176,3346.28,0
13016,72,47,789.89,0
13017,6,1,204,0
13018,15,458,7277.7,0
13021,3,131,2616.38,0
13023,63,40,689.9,0
13026,0,40,975.36,0
13027,113,26,6912,0
13028,22,45,661.32,0
13029,30,10,1247.5,0
13030,10,99,799.48,0
13032,51,71,1010.18,0
13033,356,11,190.55,5
13034,54,37,642.77,0
13035,73,27,921.88,0
13037,137,48,881.07,0
13038,79,28,908.46,0
13040,8,43,676.99,0
13043,272,13,516.42,5
13044,290,33,560.47,5
13045,98,18,305.28,0
13046,30,35,629.31,0
13047,31,172,3237.54,0
13048,13,136,1835.91,0
13049,63,14,656.68,0
13050,14,403,5836.86,0
13052,211,18,348.15,5
13055,77,76,1214.41,0
13058,24,8,271.4,0
13059,249,8,183.4,5
13060,253,15,307.53,5
13061,71,10,248.61,0
13062,190,11,346.98,5
13064,12,69,1119.49,0
13065,372,14,205.86,5
13066,23,48,470.8,0
13067,81,15,115.46,0
13068,9,2,344,0
13069,0,425,4436.12,0
13070,191,9,228.8,5
13072,266,7,177.15,5
13075,129,22,919.61,0
13077,0,112,729.27,0
13078,2,358,12627.94,0
13079,3,6,220.1,0
13080,178,6,58.08,5
13081,11,1024,28337.38,0
13082,125,73,3613.63,0
13083,3,18,303.75,0
13085,157,22,416.08,5
13089,2,1818,58825.83,0
13090,8,155,8910.82,0
13091,27,21,345.82,0
13092,70,25,477.83,0
13093,275,159,7832.47,5
13094,20,24,1927.32,0
13095,70,6,74.4,0
13097,32,423,6010.42,0
13098,0,572,28882.44,0
13099,98,1,207.36,0
13101,233,8,101.19,5
13102,0,304,6424.09,0
13103,39,8,243.94,0
13104,2,20,1098.48,0
13106,132,1,76.5,0
13107,43,58,1531.62,0
13108,372,10,350.06,5
13109,59,47,786.54,0
13110,30,145,1488.67,0
13113,0,200,12245.96,0
13115,11,120,2294.78,0
13116,137,30,501.14,0
13117,21,76,984.91,0
13118,19,79,1197.81,0
13120,238,1,30.6,5
13121,268,50,283.73,5
13122,93,55,922.39,0
13124,89,235,3866.33,0
13126,4,140,2099.64,0
13127,77,15,259.17,0
13130,93,2,64,0
13131,22,44,1073.3,0
13132,261,3,77.3,5
13133,273,7,109.8,5
13134,85,98,1793.58,0
13135,196,1,3096,5
13136,55,127,2607.61,0
13137,10,704,3650.41,0
13138,21,63,962.39,0
13139,15,170,5064.94,0
13140,107,46,423.72,0
13141,84,135,2388.75,0
13142,18,23,307.09,0
13144,332,3,110.95,5
13145,39,6,618.52,0
13146,25,17,228.91,0
13147,9,4,712.8,0
13148,28,319,3707.12,0
13149,13,86,1676.06,0
13151,295,74,1257.87,5
13153,5,15,486.22,0
13155,32,85,971.76,0
13157,48,87,1741.22,0
13158,94,79,1201.06,0
13159,8,121,1437.85,0
13160,21,4,91.8,0
13161,312,8,112.75,5
13162,121,79,1688.29,0
13165,45,42,1021.48,0
13166,282,41,417.2,5
13167,18,65,791.33,0
13168,35,131,1319.19,0
13169,63,13,712.88,0
13170,26,32,116.01,0
13171,21,46,468.41,0
13173,3,43,353.65,0
13174,15,314,2817.03,0
13176,45,72,492.84,0
13177,64,17,282.45,0
13178,25,265,5725.47,0
13182,44,11,121.18,0
13183,7,94,3957.78,0
13184,14,181,1701.29,0
13185,267,1,71.4,5
13186,39,79,1575.89,0
13187,336,37,236.02,5
13188,10,2,114.6,0
13189,18,29,260.68,0
13192,94,63,911.94,0
13193,60,29,117.88,0
13194,135,3,60.7,0
13196,10,110,1797.78,0
13198,9,226,3401.24,0
13199,3,119,9817.12,0
13200,18,46,870.09,0
13203,9,57,869.46,0
13207,14,8,250.26,0
13208,58,149,1223.9,0
13209,29,321,5891.61,0
13210,93,22,353.48,0
13211,9,56,1197.42,0
13212,19,142,788.08,0
13213,56,90,1520.58,0
13216,267,5,333.74,5
13217,121,4,533.98,0
13218,126,5,62.64,0
13220,77,21,819.29,0
13221,239,66,847.41,5
13223,199,5,163.2,5
13224,59,108,2155.95,0
13225,2,32,6463.84,0
13226,272,16,108.21,5
13227,201,9,257.7,5
13228,80,2,358,0
13229,225,10,160.95,5
13230,3,611,2806.97,0
13232,12,207,1357.6,0
13233,73,43,605.12,0
13235,211,58,1031.07,5
13236,24,36,744.85,0
13238,16,31,700.73,0
13239,261,21,329.56,5
13240,95,67,663.65,0
13242,111,13,270.4,0
13243,202,58,600.07,5
13244,92,27,121.74,0
13245,50,16,430.5,0
13246,17,141,1987.3,0
13247,17,25,501.12,0
13248,124,26,465.68,0
13249,91,23,711.41,0
13253,156,36,1030.4,5
13255,8,13,399.51,0
13258,11,38,698.58,0
13259,61,87,292.32,0
13260,60,8,557.62,0
13261,268,9,944.1,5
13262,262,11,200.29,5
13263,0,1677,7454.07,0
13265,52,91,2107.66,0
13266,10,187,3834.26,0
13267,2,211,4521.49,0
13268,17,440,3214.69,0
13269,0,316,5346.23,0
13270,365,1,590,5
13271,36,96,217.38,0
13272,30,15,276.56,0
13273,112,16,138.98,0
13276,63,30,590.93,0
13277,15,8,258.4,0
13278,40,46,542.73,0
13279,77,9,137.75,0
13280,121,85,814.86,0
13282,17,37,1132.14,0
13283,59,7,93.66,0
13284,330,13,201.19,5
13285,22,187,2709.12,0
13291,155,42,361.11,5
13292,38,31,578.94,0
13294,189,54,873.74,5
13295,359,10,201.2,5
13296,136,5,87.4,0
13297,7,59,2089.85,0
13298,0,2,360,0
13299,267,5,142.5,5
13300,168,20,371.89,5
13301,103,81,618.09,0
13302,154,1,63.75,5
13304,350,21,300.42,5
13305,3,81,2000.86,0
13307,119,1,15,0
13308,22,54,1385.51,0
13309,6,107,1456.79,0
13310,27,72,1132.03,0
13311,3,26,598.57,0
13313,21,78,1555.32,0
13314,1,62,775.94,0
13316,36,87,5977.73,0
13317,65,124,2273.68,0
13318,0,20,640.76,0
13319,4,476,10845.55,0
13320,77,106,1548.7,0
13321,71,11,567.36,0
13322,16,25,199.48,0
13323,2,21,787.85,0
13324,35,75,7121.95,0
13325,81,12,675.3,0
13327,38,108,3627.77,0
13328,315,17,1308.48,5
13329,31,17,789,0
13330,92,53,1140.93,0
13332,13,21,350.9,0
13334,81,268,3536.82,0
13336,76,51,795.12,0
13338,157,19,487.02,5
13339,200,54,860.12,5
13340,44,134,10736.48,0
13341,260,42,775.85,5
13343,177,19,353.43,5
13344,67,119,2543.72,0
13345,287,20,389.5,5
13347,69,8,341.36,0
13348,63,14,233.76,0
13349,10,16,247.32,0
13350,15,40,979.12,0
13351,65,16,373.94,0
13352,59,24,397.98,0
13354,70,51,743.53,0
13355,121,32,674.7,0
13356,79,42,768.24,0
13357,256,90,609.95,5
13358,268,29,439.03,5
13359,63,23,439.56,0
13362,8,166,3090.74,0
13363,17,60,992.5,0
13364,70,10,134.96,0
13365,33,128,2225.37,0
13366,49,1,56.16,0
13368,256,29,623.4,5
13369,365,14,308.28,5
13370,371,39,754.87,5
13372,89,23,378.64,0
13373,60,158,3312.25,0
13375,88,37,778.65,0
13376,98,53,1019.76,0
13379,25,97,572.56,0
13381,31,172,3639.31,0
13382,280,15,222.99,5
13384,30,152,4151.93,0
13385,329,35,534.57,5
13388,130,35,677.1,0
13389,10,51,797.96,0
13390,74,13,544.08,0
13391,203,1,59.8,5
13394,1,155,2520.02,0
13395,184,21,307.72,5
13396,28,43,1360.99,0
13397,72,38,1544.13,0
13398,191,26,457.34,5
13402,126,39,621.23,0
13403,17,3,75,0
13404,0,11,252.49,0
13405,73,27,572.451,0
13408,1,478,28117.04,0
13410,23,28,1003.06,0
13411,106,18,213.55,0
13414,133,24,1390.5,0
13416,43,19,712.5,0
13417,4,28,640.83,0
13418,11,304,6127.43,0
13419,63,16,221.06,0
13420,149,8,159.85,5
13421,39,104,1851.08,0
13422,63,127,2626.3,0
13425,107,78,1624.21,0
13426,0,157,3641.32,0
13427,18,29,582.6,0
13428,9,74,218.47,0
13429,10,67,1006.8,0
13430,18,49,679.45,0
13431,66,46,1269.1,0
13434,73,10,534.24,0
13435,4,101,3809.89,0
13436,1,12,196.89,0
13437,13,167,3408.06,0
13439,254,54,283.71,5
13441,91,13,296.64,0
13447,22,59,1129.14,0
13448,16,195,3539.37,0
13449,23,19,291.88,0
13450,26,71,2043.72,0
13451,25,443,2976.15,0
13452,258,2,590,5
13453,165,17,356.98,5
13455,24,46,1058.34,0
13456,17,63,1766.72,0
13458,6,382,9646.57,0
13460,28,17,183.44,0
13461,38,27,1445,0
13462,252,9,151.5,5
13464,57,41,674.68,0
13466,183,17,307.9,5
13467,10,99,1083.71,0
13468,1,302,5704.97,0
13470,98,10,165,0
13471,0,260,2531.58,0
13473,60,21,422.64,0
13474,235,64,229.59,5
13475,190,86,1431.78,5
13476,178,58,1238.47,5
13477,37,79,1454.58,0
13479,200,15,300.95,5
13481,45,109,1804.56,0
13482,231,11,184.64,5
13483,65,10,140.34,0
13484,240,8,313.8,5
13485,232,23,454.24,5
13486,77,69,1122.41,0
13487,57,34,575.4,0
13488,16,422,8968.31,0
13489,104,14,449.52,0
13491,51,86,1215.82,0
13492,135,50,1269.84,0
13493,274,8,618.63,5
13494,311,18,316.26,5
13495,7,48,2044.87,0
13496,10,35,653.33,0
13497,282,19,348.05,5
13499,17,42,1159.11,0
13500,22,65,1166.77,0
13501,287,52,1340.32,5
13502,16,18,292,0
13503,70,17,216.85,0
13504,63,22,295.93,0
13505,72,215,4393.63,0
13506,315,26,458.52,5
13507,2,162,2479.16,0
13508,243,12,110.97,5
13509,8,44,979.72,0
13510,0,115,1791.56,0
13512,260,15,251.21,5
13513,126,10,205.1,0
13514,73,4,152.2,0
13515,72,59,891.12,0
13516,20,44,1389.41,0
13517,59,141,2128.42,0
13518,85,38,659.44,0
13519,77,8,122.75,0
13520,58,93,3624.35,0
13521,0,436,1093.65,0
13522,29,5,125.8,0
13523,32,172,3964.88,0
13524,40,27,680.18,0
13525,14,6,628.78,0
13527,33,223,2287.51,0
13529,78,15,307.76,0
13531,204,22,483.8,5
13532,33,66,210.31,0
13533,182,76,270.79,5
13534,1,296,5870.08,0
13536,0,179,3448.29,0
13538,42,25,1280.85,0
13539,85,37,631.34,0
13544,39,87,291.41,0
13546,11,98,626.99,0
13548,95,124,682.41,0
13549,25,51,918.2,0
13551,318,4,91.8,5
13552,65,109,3740.07,0
13555,73,136,4149.28,0
13557,27,34,584.06,0
13558,5,175,605.06,0
13560,6,33,174.37,0
13561,215,14,141.86,5
13562,81,82,1799.33,0
13563,83,49,777.53,0
13564,143,83,1749.02,0
13565,18,38,240.22,0
13566,40,176,874.71,0
13568,172,44,192.85,5
13569,16,85,373.75,0
13570,242,27,239.49,5
13571,12,341,2092.32,0
13572,205,33,1384.25,5
13573,49,26,294.4,0
13575,22,46,732.07,0
13576,9,126,6717.34,0
13577,24,83,1687.6,0
13579,14,23,467.04,0
13581,308,10,118,5
13583,155,53,781.03,5
13584,306,24,142.4,5
13587,63,8,712.4,0
13588,15,174,2478.95,0
13589,14,21,379.65,0
13590,10,87,1981.92,0
13591,64,58,1117.13,0
13592,35,16,247.96,0
13593,107,128,2037.08,0
13594,52,26,396.97,0
13596,5,166,697.04,0
13598,46,40,180.17,0
13599,0,247,5153.67,0
13600,311,19,219.52,5
13601,44,99,693.32,0
13602,64,23,428.89,0
13603,25,27,164.34,0
13606,28,43,280.54,0
13607,39,98,678.01,0
13610,11,226,1131.88,0
13611,88,74,1171.8,0
13614,23,201,1610.46,0
13615,318,23,417.69,5
13617,39,44,544.18,0
13618,173,13,177.34,5
13621,116,19,213.85,0
13623,30,81,747.78,0
13626,252,19,257.23,5
13627,58,92,1638.47,0
13629,22,59,7792.36,0
13630,4,71,2031.78,0
13631,99,11,3070.42,0
13632,24,146,2121.27,0
13634,32,188,1575.16,0
13635,67,62,1071.03,0
13636,36,63,949.12,0
13637,51,101,810.5,0
13638,15,8,122.64,0
13639,73,40,1033.34,0
13642,215,66,354.8,5
13643,30,28,519.44,0
13644,15,146,2624.26,0
13645,119,5,252.1,0
13647,9,79,1678.12,0
13649,256,23,346.6,5
13650,16,96,1836.34,0
13651,34,6,94.2,0
13652,45,63,1095.08,0
13654,42,166,2707.33,0
13655,113,56,932.97,0
13656,164,49,379.65,5
13657,10,16,382.14,0
13658,9,108,2639.17,0
13659,205,104,1573.2,5
13662,85,53,897.76,0
13663,178,13,189.47,5
13666,59,12,84.65,0
13667,148,87,305.02,5
13668,2,470,6363.59,0
13669,50,9,218.55,0
13670,74,25,349.7,0
13672,300,6,186.39,5
13673,18,65,396.92,0
13675,150,25,486.82,5
13678,151,16,232.6,5
13680,0,195,3722.42,0
13681,17,57,827.83,0
13682,186,3,59.5,5
13684,285,30,67.23,5
13685,2,39,3119.44,0
13686,182,8,72,5
13689,62,6,910,0
13690,58,9,172.25,0
13692,24,53,1488.32,0
13694,3,568,65039.62,0
13695,30,90,2504.13,0
13697,38,12,151.3,0
13699,154,14,308.58,5
13700,25,197,2265.12,0
13703,317,1,99.5,5
13704,4,134,2308.06,0
13705,7,28,711.86,0
13706,302,20,330.79,5
13707,266,48,806.41,5
13708,270,51,296.88,5
13709,3,336,6328.05,0
13710,31,8,180.48,0
13711,218,13,252.06,5
13712,246,10,228.84,5
13715,280,105,1079.34,5
13716,268,21,138.28,5
13717,31,102,1445.01,0
13718,245,12,306.55,5
13719,14,60,1041.68,0
13720,116,43,799.9,0
13721,35,28,524.14,0
13722,131,85,2375.41,0
13723,216,6,199.85,5
13725,49,104,1980.56,0
13726,38,42,1079.66,0
13727,28,20,333.48,0
13728,36,63,1016.14,0
13730,135,43,752.6,0
13731,218,38,610.59,5
13732,27,33,491.86,0
13735,24,196,2885.24,0
13736,4,191,731.9,0
13737,199,30,339.6,5
13739,17,3,216.9,0
13740,240,23,350.75,5
13741,71,34,668.43,0
13742,16,321,3131.02,0
13743,2,41,1341.6,0
13744,94,72,1156.36,0
13745,161,25,300.04,5
13747,373,1,79.6,5
13748,95,28,948.25,0
13750,53,24,1647.26,0
13751,287,9,296.25,5
13752,123,76,1186.28,0
13753,287,35,741.26,5
13754,151,12,282.6,5
13755,3,342,2161.35,0
13756,1,142,5189.52,0
13758,11,117,3190.55,0
13759,32,25,659.41,0
13760,53,57,286.79,0
13761,49,70,1070.65,0
13762,218,7,306.72,5
13763,62,15,1714.96,0
13764,70,208,1521.76,0
13767,1,368,17220.36,0
13769,1,135,2796.51,0
13771,63,119,2634.45,0
13772,33,177,1132.13,0
13774,81,22,345,0
13777,0,197,25977.16,0
13778,102,9,178.7,0
13780,6,57,360.01,0
13781,250,17,127.84,5
13782,12,115,912,0
13784,9,31,2462.79,0
13786,366,7,230.4,5
13787,75,31,309.04,0
13790,3,45,348.8,0
13791,127,11,1516,0
13792,65,13,195.55,0
13798,0,349,37153.85,0
13799,116,39,688.86,0
13800,309,33,558.32,5
13801,66,23,324.8,0
13802,138,60,4599.42,0
13803,254,17,277.07,5
13804,30,137,2635.79,0
13805,51,13,924.6,0
13806,63,10,256.38,0
13807,366,7,112.6,5
13808,5,76,1747.66,0
13809,304,12,155.05,5
13810,28,35,1499.01,0
13811,183,13,814.5,5
13812,41,36,539,0
13813,39,69,1366.86,0
13814,91,57,1579.12,0
13815,21,176,4027.36,0
13816,23,28,571.67,0
13817,28,24,382.98,0
13819,301,36,1140.35,5
13821,144,59,385.64,5
13822,5,96,632,0
13823,18,40,957.66,0
13824,32,46,1698.94,0
13826,175,10,189.5,5
13827,57,93,412.05,0
13828,21,15,209.49,0
13831,15,74,2202.99,0
13832,18,3,52.2,0
13833,158,29,384.8,5
13835,24,55,834.57,0
13837,211,19,271.24,5
13838,5,174,691.73,0
13841,252,1,85,5
13842,58,206,3385.62,0
13844,10,20,361.62,0
13845,64,9,312.98,0
13846,24,55,865.06,0
13848,91,5,1255,0
13849,51,101,1537.95,0
13850,128,93,1595.48,0
13851,95,81,2651.46,0
13853,56,23,1090.14,0
13854,8,110,8109.52,0
13856,168,14,388.5,5
13858,56,11,216.17,0
13859,325,28,201.16,5
13860,0,76,1245.9,0
13862,17,139,2209.36,0
13863,247,20,305.78,5
13865,57,30,501.56,0
13866,73,7,145.67,0
13867,30,61,1015.29,0
13868,6,33,3192.54,0
13869,122,307,3104.95,0
13870,1,115,2770.94,0
13871,22,336,6403.25,0
13873,119,23,389.6,0
13874,357,18,540.45,5
13875,53,104,1786.79,0
13876,63,7,122.7,0
13877,85,3,117.24,0
13878,54,36,1281.53,0
13880,20,165,3219.77,0
13881,3,178,17159.52,0
13882,2,65,1191.13,0
13883,10,142,2674.48,0
13884,6,59,787.6,0
13885,188,28,506.8,5
13886,70,16,243.56,0
13887,203,19,349.55,5
13888,119,40,605.63,0
13889,92,15,416.9,0
13890,0,110,1883.81,0
13892,26,27,632.97,0
13893,297,21,821.1,5
13894,23,27,564.62,0
13895,27,118,2593.07,0
13897,49,17,311.16,0
13898,325,12,155.93,5
13899,15,19,388.52,0
13900,182,43,740.95,5
13901,71,149,2867.2,0
13904,36,26,332.64,0
13908,79,122,2369.55,0
13911,56,148,2580.91,0
13914,11,33,626.45,0
13917,49,18,272.04,0
13918,49,30,1212.84,0
13919,58,28,384.81,0
13922,351,7,172.25,5
13923,53,20,351.13,0
13924,1,117,1838.85,0
13925,92,41,678.25,0
13926,22,11,223.85,0
13927,74,21,348.99,0
13928,10,27,464.57,0
13929,168,9,842.65,5
13930,57,17,337.34,0
13931,95,58,1237.53,0
13932,294,16,307.4,5
13933,108,23,608.79,0
13934,263,31,922.1,5
13936,179,26,376.58,5
13937,168,9,158.85,5
13938,34,7,71.66,0
13939,22,45,568.55,0
13940,16,49,839.14,0
13941,21,45,5112.96,0
13946,78,11,561.57,0
13947,64,5,90.6,0
13948,360,3,102,5
13949,2,160,2427.32,0
13950,10,35,745.06,0
13951,175,39,674.45,5
13952,217,137,3251.071,5
13953,6,20,3515.68,0
13954,1,25,439.92,0
13955,153,33,322.96,5
13956,4,152,1026.42,0
13959,78,92,598.2,0
13960,20,12,230.22,0
13962,21,11,169.55,0
13963,307,35,664.54,5
13967,145,2,80.7,5
13969,6,626,9053.94,0
13971,18,149,2758.26,0
13972,70,15,190.25,0
13973,286,11,264.7,5
13974,48,28,413.59,0
13975,30,338,2526.28,0
13976,206,10,357.98,5
13978,14,15,196.79,0
13979,72,54,869.87,0
13980,59,11,200.14,0
13982,38,111,1871.81,0
13983,29,107,2603.43,0
13984,26,16,920.51,0
13985,3,349,7060.13,0
13986,16,13,320.46,0
13988,19,234,4147.96,0
13989,65,41,1266.08,0
13990,212,16,311.3,5
13991,11,84,855.97,0
13992,29,5,76.8,0
13993,42,121,3466.36,0
13994,3,155,2313.14,0
13995,14,86,1393.69,0
13999,9,208,3901.81,0
14000,210,15,635.66,5
14001,45,39,2043.08,0
14002,133,47,529.73,0
14004,42,171,4582.64,0
14005,9,84,2874.72,0
14006,115,30,962.19,0
14009,197,42,695.61,5
14012,277,11,328.8,5
14013,109,34,473.02,0
14014,76,39,505.18,0
14015,52,20,917.34,0
14016,161,161,4341.21,5
14019,46,66,1421.61,0
14020,16,39,642.8,0
14021,154,22,631.9,5
14022,224,28,440,5
14023,6,31,584.07,0
14024,121,16,327.7,0
14027,60,6,104.82,0
14029,62,15,467.66,0
14030,17,243,2360.09,0
14031,6,250,17286.86,0
14032,1,143,2975.59,0
14034,21,89,651.82,0
14035,28,66,1428.02,0
14036,284,38,626.65,5
14037,175,28,147.2,5
14038,77,92,1560.38,0
14039,32,6,152.2,0
14040,40,235,3614.92,0
14041,265,21,141.41,5
14044,26,209,652.82,0
14045,108,6,1659.75,0
14046,283,14,154.99,5
14047,8,32,1308.61,0
14048,304,85,409.93,5
14049,16,488,5681.72,0
14050,31,54,746.36,0
14051,0,210,15610.39,0
14052,19,56,225.36,0
14053,123,4,260.25,0
14054,64,6,92.46,0
14055,105,10,725.64,0
14056,0,1106,8214.65,0
14057,23,284,6217.96,0
14059,266,8,183.6,5
14060,4,202,6140.42,0
14062,9,111,10464.85,0
14064,28,80,1353.74,0
14066,266,7,152.55,5
14067,63,52,374.7,0
14068,319,24,265.85,5
14071,3,324,1438.82,0
14073,31,13,151.04,0
14075,4,43,942.26,0
14076,128,46,122.47,0
14077,40,42,499.42,0
14078,101,65,1049.37,0
14079,124,12,375.1,0
14080,32,4,45.6,0
14081,301,153,934.52,5
14082,364,29,182.25,5
14083,3,181,1018.43,0
14085,1,450,4448.54,0
14087,2,69,194.42,0
14088,9,589,50491.81,0
14089,56,14,161,0
14090,324,1,76.32,5
14092,7,214,4076.91,0
14093,11,105,442.85,0
14096,3,5111,65164.79,2
14098,36,21,147.35,0
14099,15,250,3104.17,0
14100,137,26,194.9,0
14101,73,35,5976.79,0
14102,4,79,1360.28,0
14104,154,21,216.21,5
14105,238,74,1266.23,5
14107,51,123,2703.23,0
14108,30,34,597.91,0
14109,72,9,144.2,0
14110,3,155,5683.15,0
14111,13,10,692.85,0
14112,22,160,2915.15,0
14113,3,34,1840.42,0
14114,273,15,386.53,5
14116,19,72,1382.74,0
14117,143,3,90,5
14121,3,159,2780.15,0
14124,83,5,419.58,0
14125,10,167,2740.43,0
14126,7,15,706.13,0
14127,122,44,709.71,0
14128,60,46,637.5,0
14129,1,52,1123.86,0
14130,318,67,483.86,5
14132,1,200,3586.03,0
14133,129,28,605.64,0
14135,1,134,4690.31,0
14138,1,47,982.38,0
14139,45,26,415.82,0
14140,3,66,935.05,0
14141,2,40,915.13,0
14142,372,22,311.81,5
14143,133,7,115.8,0
14145,46,11,3742.2,0
14146,8,210,4191,0
14147,77,5,483.4,0
14148,233,3,157.2,5
14149,220,28,446.62,5
14150,35,26,658.64,0
14152,74,49,621.29,0
14154,238,52,1345.62,5
14155,265,6,118.75,5
14156,9,1400,117379.63,4
14157,19,48,432.88,0
14158,39,41,507.66,0
14159,19,1204,4693.01,0
14161,215,108,1110.52,5
14162,173,25,289.36,5
14163,86,52,2445.91,0
14164,70,29,1631.77,0
14165,275,25,122.54,5
14167,38,52,574.84,0
14171,97,58,363.79,0
14173,10,29,450.84,0
14174,32,26,134.46,0
14175,59,149,3222.3,0
14176,296,31,576.9,5
14177,85,42,559.41,0
14178,8,327,1620.93,0
14179,40,165,719.78,0
14180,10,240,4748.52,0
14184,66,24,452.89,0
14185,330,3,197.65,5
14188,30,65,2054.36,0
14189,1,265,4654.08,0
14191,1,259,4684.76,0
14193,67,42,853.39,0
14194,4,579,11349.52,0
14195,201,7,1012,5
14196,106,6,335.52,0
14198,17,39,701.4,0
14199,217,2,185.4,5
14201,59,37,747.44,0
14204,1,44,161.03,0
14205,16,24,466.7,0
14206,238,20,328.16,5
14208,94,10,151.74,0
14209,10,87,2073.43,0
14210,105,102,1905.84,0
14211,52,112,2241.1,0
14212,89,9,1070.48,0
14214,30,67,1004.38,0
14215,11,108,1789.72,0
14216,2,59,1839.3,0
14217,1,100,2004.98,0
14218,42,12,169.48,0
14219,3,7,89.94,0
14220,246,21,632.4,5
14221,41,193,3432.8,0
14222,176,41,683.17,5
14223,91,60,991.13,0
14224,109,118,1050.12,0
14226,28,67,2232.19,0
14227,25,175,3350.96,0
14229,51,40,1547.2,0
14231,183,50,925.71,5
14232,42,115,2048.07,0
14233,48,35,1462.72,0
14234,21,159,775.46,0
14235,74,79,3144.86,0
14236,80,15,490.86,0
14237,372,9,161,5
14238,325,8,146.85,5
14239,42,112,2380.85,0
14240,29,42,890.34,0
14241,183,10,213.7,5
14242,234,16,280.55,5
14243,8,141,2588.77,0
14245,219,108,1693.45,5
14246,110,75,1474.06,0
14247,277,20,136.77,5
14248,317,8,302.58,5
14250,6,111,1904.05,0
14251,1,78,2879.7,0
14256,259,53,969.06,5
14257,63,106,3099.72,0
14258,8,111,12669.98,0
14259,141,5,120,5
14261,50,52,1163.45,0
14262,7,143,2618.23,0
14264,154,17,333.97,5
14265,108,31,530.18,0
14267,162,55,1516.24,5
14270,331,29,492.65,5
14271,225,10,112.32,5
14272,73,33,437.96,0
14273,50,29,559.97,0
14276,98,64,1119.74,0
14277,14,225,4216.2,0
14280,196,8,134.04,5
14282,2,156,3729.34,0
14284,30,32,595.25,0
14285,20,27,1910.01,0
14286,23,280,4628.75,0
14287,7,9,176.63,0
14288,212,16,426.6,5
14289,8,47,911.26,0
14290,10,101,2314.65,0
14291,1,237,3883.25,0
14292,7,100,4871.93,0
14293,2,61,1046.56,0
14295,39,5,166.2,0
14297,17,62,1305.33,0
14298,7,1637,51527.3,0
14299,7,143,3965.62,0
14300,18,3,43.2,0
14301,116,13,640.14,0
14304,222,17,383.45,5
14305,70,105,1858.96,0
14306,50,33,2093.32,0
14307,88,180,2995.72,0
14309,7,117,2352.53,0
14311,242,20,310.26,5
14312,46,87,1611.59,0
14314,106,8,120,0
14315,44,101,2481.13,0
14317,64,24,508.58,0
14320,206,31,477.79,5
14321,10,123,1530.75,0
14323,114,36,605.06,0
14326,241,8,183.85,5
14327,162,12,311.65,5
14329,16,259,5014.84,0
14331,123,28,462.66,0
14332,22,26,866.31,0
14333,67,15,415.2,0
14334,16,162,2552.21,0
14335,15,63,468.26,0
14336,16,90,1614.91,0
14338,160,31,588.22,5
14339,242,14,309.52,5
14340,218,6,134.7,5
14341,44,129,2182.28,0
14342,20,21,668.56,0
14344,126,71,889.93,0
14345,38,6,108.98,0
14346,120,60,1021.58,0
14348,259,18,409.57,5
14349,9,31,133.5,0
14350,273,18,282.93,5
14351,164,1,51,5
14352,156,47,1078.96,5
14353,214,6,90.6,5
14354,5,9,163.62,0
14355,365,11,174.4,5
14356,79,33,701.23,0
14357,42,41,225.77,0
14359,18,55,912.18,0
14360,31,118,2128.23,0
14362,21,41,161.2,0
14364,108,69,3717.35,0
14367,7,524,9261.52,0
14368,319,8,155,5
14371,294,4,100.5,5
14373,357,4,76.55,5
14375,184,75,257.68,5
14377,190,11,617.05,5
14379,43,46,348.1,0
14381,51,56,202.68,0
14382,25,131,626.07,0
14383,37,59,1247.69,0
14385,8,14,202.11,0
14386,296,7,142.4,5
14387,32,140,1770.56,0
14388,9,186,3212.84,0
14389,64,45,1043.46,0
14390,9,286,4652.82,0
14393,217,5,67.95,5
14395,1,350,3507.71,0
14396,64,73,487.99,0
14397,2,87,2612.96,0
14400,148,25,574.7,5
14401,3,182,4051.48,0
14403,129,20,1475.81,0
14404,33,103,1474.32,0
14406,118,8,156.75,0
14407,106,73,2157.73,0
14408,10,107,2606.53,0
14409,70,54,2059.45,0
14410,91,193,1105.07,0
14411,310,14,1063,5
14412,42,43,770.03,0
14413,361,23,122.7,5
14414,91,97,1496.98,0
14415,0,590,5900.28,0
14416,21,14,490.22,0
14418,3,124,1937.25,0
14419,10,206,1058.06,0
14420,98,29,387.52,0
14421,56,27,813.11,0
14422,0,222,4263.64,0
14423,217,3,265.2,5
14424,17,1,322.08,0
14426,23,224,4481.67,0
14427,49,17,363.34,0
14428,6,144,1244.83,0
14431,302,17,470.36,5
14432,9,382,2255.51,0
14434,21,12,1372.8,0
14436,98,9,89.06,0
14437,365,5,63,5
14438,305,9,131.9,5
14439,319,32,2661.24,5
14440,7,55,2357.68,0
14441,0,51,1712.89,0
14442,204,63,1589.82,5
14443,53,93,1420.2,0
14446,0,293,1039.58,0
14447,18,70,1163.23,0
14448,8,20,375.35,0
14449,18,258,907.1,0
14450,180,40,483.25,5
14451,59,109,662.59,0
14452,10,62,264.44,0
14453,189,22,119.93,5
14456,4,970,3062.4,0
14457,310,4,113.64,5
14459,154,37,1837.92,5
14460,109,16,434.34,0
14461,147,180,2103.06,0
14462,65,240,2004.02,0
14463,97,6,529.62,0
14465,246,130,1058.62,5
14466,28,72,2272.4,0
14467,17,90,598.76,0
14470,11,43,461.19,0
14472,103,281,1936.84,0
14473,73,7,234.34,0
14474,45,29,547.66,0
14475,71,42,925.85,0
14476,256,19,215.7,5
14477,19,10,1309.6,0
14479,253,18,316.25,5
14480,10,13,279.05,0
14481,164,30,636.51,5
14482,17,144,2068.15,0
14483,281,9,137.1,5
14484,49,14,321.92,0
14485,38,47,165.75,0
14487,26,144,1196.33,0
14488,67,46,1064.28,0
14489,206,30,463.38,5
14491,174,17,340.93,5
14493,6,120,2383.24,0
14494,25,7,139.56,0
14495,50,6,123.8,0
14496,311,19,538.81,5
14497,308,29,475.37,5
14498,42,193,1957.32,0
14499,25,194,815.32,0
14500,87,7,356.85,0
14501,183,10,251.21,5
14502,19,624,2470.67,0
14503,2,164,3543.26,0
14504,46,107,673.26,0
14505,16,799,5905.64,0
14506,16,316,2012.17,0
14507,23,96,1383.18,0
14508,21,57,276.42,0
14511,10,68,1314.81,0
14512,187,23,275.28,5
14513,100,12,455.59,0
14514,60,73,1055.35,0
14515,17,101,2102.09,0
14517,32,18,330.45,0
14518,63,16,174.37,0
14520,1,4,270.6,0
14522,23,17,974.54,0
14523,107,12,241.09,0
14524,31,203,1867.68,0
14525,19,291,4332.2,0
14527,2,972,8508.82,0
14528,36,18,364.22,0
14529,59,229,620.04,0
14530,25,216,2925.91,0
14532,235,64,932.85,5
14533,24,62,1949.72,0
14534,2,519,4447.05,0
14535,59,330,2864.19,0
14536,259,19,171.8,5
14537,57,10,355.56,0
14538,64,19,388.25,0
14539,15,32,537.48,0
14540,9,76,996.26,0
14541,58,111,1461.65,0
14542,185,5,103.25,5
14543,28,72,3630.33,0
14544,23,114,2024.45,0
14546,4,399,2578.09,0
14547,3,366,4007.54,0
14548,150,4,652.8,5
14549,310,56,289.24,5
14550,10,48,765.62,0
14551,17,10,186.23,0
14552,151,58,165.07,5
14553,18,113,859.27,0
14554,9,216,2381.04,0
14555,56,21,324.14,0
14557,84,16,788.38,0
14560,6,74,2237.77,0
14561,75,69,1080.76,0
14562,3,423,5074.77,0
14565,95,127,3099.12,0
14566,110,4,1432,0
14567,56,33,1530.36,0
14569,0,12,227.39,0
14570,280,29,218.06,5
14572,2,270,2832.84,0
14573,179,235,1653.42,5
14576,371,1,35.4,5
14577,12,123,859.71,0
14578,2,24,168.63,0
14581,16,17,138.6,0
14582,40,6,114.11,0
14583,5,330,1052.55,0
14584,168,100,1042.26,5
14585,49,29,157.05,0
14586,276,19,237.36,5
14587,18,383,1601.14,0
14589,371,3,39.75,5
14591,14,197,1447.14,0
14592,34,164,570.46,0
14593,21,152,617.99,0
14594,6,53,379.83,0
14595,19,102,1740.6,0
14597,10,55,883.15,0
14598,43,50,221.97,0
14600,305,25,393.33,5
14601,10,7,213.96,0
14603,274,2,660,5
14606,0,2700,12156.65,2
14607,15,86,16569.5,0
14608,3,20,1785.15,0
14609,71,4,601.56,0
14616,242,3,406.08,5
14618,8,16,553.44,0
14619,245,20,394.44,5
14620,205,26,412.78,5
14621,0,92,1788.36,0
14622,184,21,320.58,5
14623,31,134,889.25,0
14624,56,13,225.85,0
14625,195,53,899.63,5
14626,23,122,2791.27,0
14628,90,24,671.96,0
14629,3,152,959.01,0
14631,50,41,1006.98,0
14632,262,8,114.56,5
14633,265,20,344.9,5
14636,35,28,609.85,0
14638,50,16,443.6,0
14639,51,172,2984.49,0
14640,23,106,2125.08,0
14641,21,7,110.46,0
14642,58,2,96.12,0
14643,169,31,693.81,5
14644,67,26,830.76,0
14645,156,30,597.09,5
14646,1,2076,280206.02,4
14647,200,30,243.22,5
14649,4,199,1417.29,0
14651,66,102,654.6,0
14652,76,29,114.18,0
14653,0,237,1947.55,0
14655,7,49,1932.23,0
14656,168,80,291.05,5
14657,17,126,848.22,0
14658,4,29,247.15,0
14659,8,253,2529.93,0
14660,86,30,285.74,0
14661,26,4,107.95,0
14662,28,168,771.17,0
14664,19,99,637.89,0
14665,60,90,1835.7,0
14666,23,14,195.25,0
14667,10,573,9241.2,0
14669,241,170,1269.99,5
14670,279,132,411.53,5
14672,234,61,765.55,5
14673,2,74,1736.4,0
14675,15,102,604.75,0
14676,30,42,2548.24,0
14680,24,258,28754.11,0
14681,70,7,498.95,0
14682,187,2,52,5
14684,25,421,1236.28,0
14687,106,15,628.38,0
14688,7,327,5630.87,0
14689,208,13,112.8,5
14690,43,50,371.7,0
14691,30,71,2114.33,0
14692,136,68,591.55,0
14693,264,8,172.9,5
14696,3,130,2078.95,0
14697,217,22,188.61,5
14698,1,210,1250.76,0
14699,213,8,109.13,5
14700,31,115,2235.3,0
14701,10,335,2549.37,0
14702,0,347,3292.14,0
14703,14,22,318.17,0
14704,10,415,1546.91,0
14705,198,1,179,5
14708,2,28,1126.37,0
14709,14,196,4921.04,0
14710,13,139,606.13,0
14711,9,357,2868.8,0
14712,28,25,917.07,0
14713,8,339,2666.36,0
14714,23,10,160.19,0
14715,24,71,867.38,0
14716,42,55,329.68,0
14719,1,237,1602.13,0
14720,5,37,663.81,0
14722,146,29,187.92,5
14723,9,278,1158.3,0
14725,24,52,718.08,0
14727,273,10,268.58,5
14729,373,71,313.49,5
14730,0,501,2005.06,0
14731,46,45,380.02,0
14732,7,147,2702.49,0
14733,15,202,9585.91,0
14735,3,194,6065.69,0
14737,3,17,1164.55,0
14738,42,54,1314.45,0
14739,3,60,3902.28,0
14740,196,89,1448.21,5
14741,11,59,1400.34,0
14744,15,26,1099.98,0
14745,112,69,1220.26,0
14747,248,18,328.2,5
14748,28,89,1415.75,0
14752,43,5,389.64,0
14753,86,30,563.15,0
14754,44,41,638.05,0
14755,9,235,5010.28,0
14756,14,38,738.96,0
14757,74,19,420.5,0
14758,144,71,1484.06,5
14759,4,102,1625.97,0
14760,296,5,89.2,5
14761,58,11,255.9,0
14762,263,21,300.52,5
14764,46,6,278.3,0
14765,28,39,254.11,0
14766,7,135,2473.37,0
14768,16,5,192.6,0
14769,2,1090,10674.75,0
14770,231,52,876.42,5
14772,111,9,139.26,0
14775,57,60,1011.9,0
14776,50,117,2538.3,0
14778,126,35,730.86,0
14779,280,41,386.15,5
14780,54,27,447.68,0
14782,319,6,200.1,5
14784,25,15,289.99,0
14785,9,3,77.4,0
14788,6,30,679.44,0
14789,28,6,197.64,0
14790,16,46,745.06,0
14792,63,2,6.2,0
14793,20,14,228.99,0
14794,2,80,1319.91,0
14795,165,6,131.45,5
14796,0,1141,8022.49,0
14798,52,12,173.74,0
14799,50,13,157.7,0
14800,47,385,4339.74,0
14801,60,59,193.14,0
14803,161,44,845.55,5
14804,8,12,353.27,0
14805,14,47,554.65,0
14806,74,11,193.39,0
14808,39,235,2741.17,0
14810,40,255,2087.88,0
14813,369,30,155.43,5
14815,36,53,778.5,0
14816,196,4,271.85,5
14817,199,63,1110.34,5
14818,73,48,657.8,0
14819,63,13,272.07,0
14820,20,29,507.29,0
14821,366,2,48.8,5
14823,179,70,321.43,5
14824,9,29,1127.71,0
14825,3,121,2226.91,0
14828,196,17,2139.76,5
14829,28,42,697.55,0
14830,52,40,197.13,0
14834,17,67,1720.3,0
14836,9,6,102.45,0
14837,89,108,1649.5,0
14840,267,4,62.85,5
14841,52,138,3295.76,0
14842,43,145,2824.69,0
14844,63,130,3189.81,0
14847,148,13,309.4,5
14849,21,388,7930.54,0
14850,311,21,325.75,5
14851,22,28,511.35,0
14852,57,143,2836.69,0
14853,23,9,475.8,0
14854,77,127,2759.83,0
14855,118,20,645.65,0
14856,35,66,1311.38,0
14857,59,60,1173.12,0
14859,12,58,1353.74,0
14860,18,11,170.32,0
14861,51,6,125.79,0
14862,25,48,841.2,0
14863,28,11,266.76,0
14865,6,4,52.2,0
14866,10,99,14389.9,0
14867,185,36,710.28,5
14868,2,144,2953.59,0
14869,8,71,725.7,0
14870,261,13,327.25,5
14871,2,98,522.38,0
14873,209,28,519.68,5
14875,107,47,1465.32,0
14878,12,124,1485.54,0
14880,76,47,706.19,0
14881,19,17,255.4,0
14882,26,11,589.7,0
14883,18,53,761.59,0
14885,131,15,765.32,0
14886,252,18,364.8,5
14887,78,6,1862,0
14888,206,20,369.2,5
14889,335,10,135.9,5
14890,253,7,125.65,5
14891,147,33,554.38,5
14893,9,73,1237.85,0
14894,84,23,655.75,0
14895,7,498,11138.71,0
14896,204,43,468.77,5
14897,7,55,1366.38,0
14898,22,116,1303.52,0
14901,10,96,1421.29,0
14902,25,20,332.66,0
14903,20,355,2810.63,0
14904,1,69,1025.44,0
14905,157,17,616.15,5
14907,2,165,3501.1,0
14908,73,9,277.8,0
14910,2,30,434.35,0
14911,0,5675,143825.06,2
14912,16,27,867.85,0
14913,35,87,1227.43,0
14915,90,12,307.48,0
14916,70,77,1268.98,0
14918,115,45,1610.15,0
14920,212,57,977.77,5
14921,29,78,1316.07,0
14923,50,44,749.1,0
14924,245,10,310.05,5
14929,31,11,223.88,0
14930,108,128,2372.86,0
14931,4,41,1257.68,0
14932,365,17,363.53,5
14934,81,87,1890.94,0
14935,296,10,1784.71,5
14936,33,364,8137.02,0
14937,56,34,1621.88,0
14944,29,170,5900.25,0
14946,13,3,100.9,0
14947,71,14,290.82,0
14948,22,63,1101.97,0
14950,18,19,371.2,0
14951,78,20,311.69,0
14952,59,138,8099.49,0
14953,24,55,289.82,0
14954,11,85,336.17,0
14957,252,12,58.49,5
14958,146,42,499.68,5
14959,63,59,695.42,0
14960,7,27,221.27,0
14961,10,312,7044.68,0
14962,270,5,126.7,5
14963,9,198,1487.8,0
14964,246,13,206.21,5
14965,95,83,599,0
14966,14,38,191.32,0
14967,49,6,463.8,0
14968,29,37,147.59,0
14970,67,34,1592.06,0
14971,34,160,1116.57,0
14972,127,18,114.77,0
14973,106,32,1314.45,0
14974,36,21,114.39,0
14975,56,11,279.94,0
14976,56,72,790.86,0
14978,71,216,1931.42,0
14981,245,8,102.12,5
14984,18,41,213.27,0
14985,197,87,296.75,5
14987,15,4,326.4,0
14988,211,40,334.54,5
14995,38,61,233.23,0
14997,45,26,546.2,0
14998,169,75,429.87,5
15000,47,77,490.52,0
15002,115,115,1641.76,0
15004,146,158,1246.32,0
15005,15,1119,6316.57,0
15006,50,144,502.09,0
15007,158,12,156.91,5
15009,11,182,1261.78,0
15010,35,20,308.94,0
15012,53,128,423.04,0
15014,42,35,260.17,0
15016,172,20,170.04,5
15017,33,20,125.58,0
15018,38,31,496.21,0
15019,266,70,266,5
15021,8,472,1914.82,0
15022,11,135,905.04,0
15023,2,562,6802.76,0
15024,9,155,1661.33,0
15025,32,72,377.01,0
15026,79,61,469,0
15027,30,35,1066.15,0
15028,7,48,627.13,0
15030,71,7,518.28,0
15031,3,111,668.14,0
15032,255,52,4959.1,5
15033,4,510,2586.67,0
15034,15,394,4308.61,0
15035,89,27,252.73,0
15036,71,127,465.55,0
15038,58,130,705.49,0
15039,9,1502,19914.44,0
15041,169,67,180.35,5
15042,198,5,135.93,5
15043,30,3,537,0
15044,18,453,7700.23,0
15045,151,12,735.66,5
15046,8,206,5213.77,0
15047,269,22,343.62,5
15048,64,97,384.05,0
15049,273,3,121.17,5
15050,24,78,1782.09,0
15051,22,143,1391.61,0
15052,318,30,215.78,5
15053,4,71,697.79,0
15054,11,114,302.1,0
15057,274,25,1489.5,5
15058,24,276,2124.99,0
15059,40,237,1337.72,0
15060,7,121,303.09,0
15061,3,403,54534.14,0
15062,70,57,987.86,0
15063,212,5,370.8,5
15065,37,155,3158.13,0
15066,52,42,893.59,0
15067,77,82,1744.76,0
15068,45,104,553.36,0
15069,178,70,1109.53,5
15070,372,1,106.2,5
15071,93,26,982.07,0
15073,9,54,1043.41,0
15074,104,42,748.87,0
15075,77,27,773.03,0
15076,172,49,880.85,5
15078,6,440,9743.11,0
15079,212,47,895.61,5
15081,21,33,504.8,0
15083,256,5,88.2,5
15087,281,15,306.94,5
15088,20,57,1160.07,0
15089,9,145,2420.84,0
15090,307,23,381.32,5
15091,67,30,480.71,0
15092,214,26,457.81,5
15093,17,108,4597.02,0
15095,103,47,1370.6,0
15096,42,11,219.39,0
15097,3,25,248.08,0
15098,181,3,39916.5,5
15099,83,23,410.48,0
15100,333,3,876,5
15101,8,8,317.53,0
15103,30,35,703.36,0
15104,196,69,1027.44,5
15105,17,101,2298.93,0
15106,17,100,1422.52,0
15107,310,16,319.5,5
15108,141,60,1300.25,0
15109,245,28,484.95,5
15110,23,35,996.1,0
15111,28,84,1567.48,0
15113,9,100,3609.33,0
15114,29,197,2760.56,0
15115,17,21,340.11,0
15116,17,45,1352.75,0
15117,14,79,1551.78,0
15118,133,1,244.8,0
15119,245,14,266.4,5
15120,133,21,358.82,0
15121,49,28,457.72,0
15122,113,82,1633.78,0
15123,6,106,2199.31,0
15124,22,15,184.19,0
15125,24,127,11528.48,0
15127,65,16,406.53,0
15128,59,102,1471,0
15129,49,84,3447.4,0
15130,169,22,330.11,5
15132,17,52,977.93,0
15133,127,29,982.42,0
15134,14,73,1387.99,0
15135,238,9,139.05,5
15136,2,68,1286.7,0
15139,239,13,178.96,5
15140,51,80,2354.25,0
15142,45,26,498.74,0
15143,225,14,259.45,5
15144,7,217,6580.44,0
15145,3,67,1194.73,0
15146,164,91,1327.16,5
15147,239,28,623.5,5
15148,10,20,301.29,0
15149,133,23,520.8,0
15150,16,343,5314.47,0
15152,9,271,4745.69,0
15153,30,22,329.25,0
15154,74,85,296.42,0
15156,0,55,961.49,0
15157,3,125,1936.07,0
15158,44,7,401.4,0
15159,1,710,18641.01,0
15160,356,4,158.16,5
15163,17,29,304.47,0
15164,68,103,843.05,0
15165,372,27,487.75,5
15167,320,41,163,5
15168,25,5,106.56,0
15171,330,5,1289.5,5
15172,8,110,1624.05,0
15174,322,11,135.75,5
15175,71,23,224.14,0
15178,259,3,40.5,5
15179,17,93,2206.95,0
15180,366,6,87.5,5
15181,65,16,689.48,0
15182,153,29,622.85,5
15184,28,63,406.76,0
15185,69,21,310.62,0
15186,13,19,411.41,0
15187,1,91,4777.18,0
15189,0,212,16225.39,0
15192,119,51,1044.32,0
15193,60,19,499.32,0
15194,2,310,7616.53,0
15195,2,1,3861,0
15197,10,32,1079.61,0
15198,91,10,193.64,0
15199,58,13,1268.7,0
15201,86,69,1236.54,0
15203,25,142,1827.8,0
15204,356,9,316.58,5
15205,84,37,653.24,0
15206,9,9,420.3,0
15208,0,42,870.12,0
15210,224,20,331.18,5
15211,59,52,894.41,0
15212,240,5,101.8,5
15213,318,24,328.35,5
15214,1,110,1661.44,0
15215,46,35,734.94,0
15216,87,2,96.6,0
15218,10,166,5756.89,0
15219,175,9,305.75,5
15220,51,117,1778.96,0
15221,365,5,403.25,5
15222,318,5,585,5
15223,225,20,755.75,5
15224,357,14,322.08,5
15225,233,23,409.4,5
15226,310,8,154.41,5
15227,36,58,1219.4,0
15228,65,125,3386.71,0
15230,238,23,429.6,5
15232,112,31,612.06,0
15234,276,14,197,5
15235,217,143,2247.51,5
15236,298,15,321.05,5
15237,1,99,1412.32,0
15238,28,50,1071.99,0
15239,9,49,780.59,0
15240,44,78,1706.57,0
15241,66,110,1756.44,0
15243,73,22,316.68,0
15244,64,34,631.57,0
15245,133,89,2515.84,0
15246,237,33,514.15,5
15247,121,6,356,0
15249,31,350,6688.46,0
15251,8,111,10484.99,0
15252,35,44,740.78,0
15253,15,53,918.2,0
15254,126,18,300.36,0
15255,66,47,890.85,0
15256,148,6,98.45,5
15257,282,7,317.15,5
15258,168,34,623.16,5
15260,99,77,1810.77,0
15261,134,19,254.82,0
15262,323,10,178.95,5
15263,106,12,156.51,0
15264,63,23,393.74,0
15265,150,82,1506.12,5
15266,337,6,119.3,5
15267,21,11,1717.36,0
15269,23,2,408.8,3
15270,15,41,2379.49,0
15271,6,274,2507.07,0
15272,56,63,721.94,0
15274,3,47,716.57,3
15275,37,41,615.14,3
15276,65,52,135.31,3
15277,46,12,255.9,3
15279,354,19,290.51,5
15280,171,16,113.12,5
15281,58,139,2332.15,3
15286,49,3,240.55,3
15287,21,20,486.69,3
15288,42,88,2306.52,3
15289,28,58,939.78,3
15290,4,204,7943.22,0
15291,25,103,4668.3,3
15292,200,25,180.94,5
15296,50,194,3672.86,3
15297,9,39,641.94,3
15298,1,192,4799.9,3
15299,66,7,4507.01,3
15300,63,28,496.44,3
15301,50,243,5070.35,3
15303,289,31,574.02,5
15304,60,23,694.4,3
15306,63,58,1174.35,3
15307,95,12,205.3,3
15308,273,19,310.47,5
15311,0,2379,60767.9,2
15312,74,47,924.85,3
15313,109,1,52,3
15314,198,24,327.97,5
15315,63,37,570.5,3
15316,326,1,165,5
15318,3,33,312.62,3
15319,283,16,204.5,5
15320,43,36,267.13,3
15321,70,95,2748.31,3
15322,85,42,679.68,3
15325,103,49,162.29,3
15326,333,29,311.71,5
15327,52,10,208.75,3
15329,38,57,1049.7,3
15330,31,13,714.96,3
15332,365,35,1661.06,5
15333,207,16,1028.56,5
15334,156,99,351.67,1
15335,53,36,173.97,3
15339,65,86,574.07,3
15341,80,17,2020.52,3
15342,129,24,406.09,3
15343,86,21,364.5,3
15344,0,26,563.94,3
15345,45,20,393.54,3
15346,332,17,252.42,5
15347,365,5,201.6,5
15348,71,9,158.04,3
15349,157,72,473.81,1
15350,372,5,115.65,5
15351,11,225,1960.11,3
15353,254,63,777.02,5
15355,28,14,277.05,3
15356,30,519,2766.5,3
15358,4,551,8347.2,3
15360,39,13,427.93,3
15361,361,7,418.92,5
15363,372,16,326,5
15364,95,29,913.19,3
15365,25,114,2314.32,3
15366,74,44,602.51,3
15367,56,95,1877.59,3
15368,20,4,446.94,3
15370,40,94,2386.05,3
15372,136,27,2007.4,3
15373,7,132,2415.91,3
15374,128,3,168,3
15376,39,117,1233.36,3
15379,168,194,3703.29,1
15380,8,36,1690.26,3
15381,213,8,596.85,1
15382,14,302,5955.71,3
15384,169,41,642.41,1
15385,39,12,316.88,3
15386,185,31,394.14,1
15388,269,10,140.54,1
15389,171,1,500,1
15392,4,84,1535.53,3
15393,15,12,231.86,3
15394,9,85,2183.54,3
15395,325,7,107.45,5
15396,112,14,288.18,3
15397,289,6,94,1
15398,15,73,1345.53,3
15399,0,50,815.77,3
15400,91,12,716.2,3
15402,148,42,626.77,1
15405,188,8,349.1,1
15406,30,53,510.71,3
15407,33,153,1056.44,3
15408,263,34,267.18,1
15410,83,122,3450.84,3
15411,25,99,1358.88,3
15412,170,10,190.53,1
15414,9,39,774.9,3
15415,312,48,572.81,1
15416,64,192,3984.32,3
15417,84,28,508.8,3
15419,24,8,135.86,3
15421,58,53,950.36,3
15422,322,6,97.7,1
15423,37,2,43.5,3
15424,253,17,383.34,1
15426,18,292,1447.39,3
15427,32,306,1483.14,3
15428,14,6,93.78,3
15429,26,82,397.35,3
15432,22,10,171.19,3
15433,213,41,533.3,1
15434,7,55,1041.48,3
15435,21,29,149.29,3
15436,11,329,1122.53,3
15437,261,45,200.16,1
15438,130,25,156.58,3
15440,54,62,383.68,3
15442,248,2,594,1
15443,1,382,3236.91,3
15444,8,219,1418.26,3
15445,263,5,113.5,1
15447,330,9,155.17,1
15448,312,28,494.64,1
15449,25,60,974.52,3
15450,29,30,429.84,3
15452,29,58,538.73,3
15453,1,286,1388.37,3
15454,361,25,179.1,1
15456,282,60,447.22,1
15457,261,58,237.07,1
15458,24,7,161.64,3
15460,353,58,216.76,1
15462,93,11,234.6,3
15463,28,7,126.14,3
15464,337,157,1048.85,1
15465,19,97,7354.62,3
15466,84,57,334.53,3
15467,8,52,524.88,3
15468,50,24,467.51,3
15469,49,24,538.55,3
15471,1,77,469.48,3
15472,112,76,371.56,3
15473,13,11,1771.2,3
15475,76,29,454.11,3
15478,39,46,1441.42,3
15480,115,45,905.5,3
15482,15,98,11054.96,3
15483,160,88,233.81,1
15484,0,188,3594.31,3
15485,29,86,2575,3
15488,92,2,91.32,3
15489,22,50,1134.28,3
15491,94,154,3100.09,3
15492,27,35,659.46,3
15493,32,297,2001.8,3
15494,20,125,1299.23,3
15497,17,15,1262.2,3
15498,2,512,13316.4,3
15500,7,68,1131.56,3
15502,15,213,10384.93,3
15503,362,70,147.09,1
15504,80,13,52.83,3
15505,52,97,3610.96,3
15506,22,164,979.26,3
15507,171,46,492.36,1
15508,188,92,1000.27,1
15510,330,1,250,1
15511,11,160,909.23,3
15512,155,7,121,1
15513,32,308,14758.22,3
15514,11,178,4139.46,3
15516,44,15,62.43,3
15517,232,27,267.03,1
15518,63,214,1942.45,3
15520,1,18,343.5,3
15521,39,185,3000.2,3
15522,32,57,398.84,3
15523,83,10,412.01,3
15524,24,1,440,3
15525,1,178,825.92,3
15526,32,4,148.44,3
15527,18,163,2429.78,3
15528,253,26,229.33,1
15529,22,672,3995.23,3
15530,21,108,1502.35,3
15531,7,228,2007.44,3
15532,24,256,1580.93,3
15533,18,83,807.57,3
15535,172,75,536.4,1
15537,162,24,110.92,1
15539,6,41,538.46,3
15540,10,15,213.3,3
15541,113,29,85.13,3
15543,287,28,127.86,1
15544,8,259,3546.71,3
15545,53,81,292.72,3
15547,6,702,4954.84,3
15549,76,115,1693.26,3
15550,3,61,575.63,3
15551,36,29,436.06,3
15552,216,17,90.12,1
15553,59,56,437.23,3
15554,277,14,217.2,1
15555,11,899,4805.17,3
15556,23,31,279.77,3
15557,28,20,473.65,3
15561,11,27,800.59,3
15562,351,1,134.55,1
15563,21,113,1400.44,3
15565,49,8,173.16,3
15567,18,7,186.01,3
15568,2,53,758.29,3
15569,103,31,1375.71,3
15570,6,323,4165.52,3
15571,11,57,650.43,3
15572,4,215,2552.86,3
15573,31,104,607.45,3
15574,177,168,702.25,1
15576,37,45,940.67,3
15577,150,39,258.88,1
15578,161,13,127.1,1
15579,68,51,348.6,3
15581,120,149,3679.97,3
15582,24,44,682.91,3
15584,23,123,725.11,3
15585,176,31,455.3,1
15587,49,9,913.68,3
15589,255,29,478.53,1
15592,46,24,388.58,3
15593,70,5,199.8,3
15594,15,103,1771.78,3
15596,100,77,1406.59,3
15597,34,22,324.57,3
15598,52,14,240.68,3
15599,26,52,761.74,3
15601,10,410,6776.56,3
15602,7,46,1297.87,3
15603,78,2,48.48,3
15604,51,17,216.39,3
15605,35,67,1198.23,3
15606,60,77,2920.16,3
15607,336,13,104.76,1
15608,27,60,1093.68,3
15609,183,16,298.48,1
15610,51,6,112.46,3
15611,9,43,1591.45,3
15612,35,6,195.15,3
15615,9,423,10399.74,3
15618,32,45,776.851,3
15619,10,3,336.4,3
15620,56,100,1553.18,3
15621,3,16,1293.03,3
15622,42,185,3709.56,3
15623,140,19,301.03,1
15624,116,34,588.13,3
15625,103,64,1534.26,3
15626,74,49,675.8,3
15628,4,155,2870.24,3
15630,44,60,1186.35,3
15632,15,167,3285.31,3
15634,16,15,243.55,3
15636,89,25,724.76,3
15637,52,15,223.36,3
15639,133,25,425.32,3
15640,3,484,12515.66,3
15641,104,119,1887.2,3
15643,191,33,664,1
15644,165,238,813,1
15645,18,52,612.01,3
15646,157,35,447.64,1
15648,203,25,657.35,1
15649,335,2,816,1
15651,36,32,646.3,3
15652,90,21,337.74,3
15653,92,6,877.44,3
15654,8,21,922.53,3
15655,242,34,560.67,1
15656,44,47,748.5,3
15657,22,1,30,3
15658,189,48,1024.1,1
15659,43,11,306.45,3
15660,24,90,1600.86,3
15661,316,5,309.8,1
15663,105,9,138.14,3
15664,50,17,386.43,3
15665,167,116,2242.01,1
15667,39,13,301.32,3
15668,217,1,76.32,1
15669,39,33,684.34,3
15670,296,12,173.05,1
15671,18,78,2657.13,3
15673,87,155,2881.02,3
15674,72,114,2446.6,3
15675,80,21,323.69,3
15676,18,202,3435.76,3
15677,48,33,657.23,3
15678,52,12,352.7,3
15679,23,110,781.28,3
15680,8,78,1333.68,3
15681,24,53,1426.16,3
15683,116,10,193.75,3
15687,8,166,2993.1,3
15689,119,9,254.1,3
15690,3,19,239.76,3
15691,251,2,136.8,1
15692,27,12,191.04,3
15694,0,78,6479.4,3
15695,266,22,409.98,1
15696,32,171,2736.46,3
15699,17,18,309.65,3
15700,171,86,696.68,1
15701,1,237,1542.14,3
15703,264,5,211.5,1
15704,139,117,2293.62,3
15705,200,6,143.1,1
15706,63,55,1060.56,3
15707,34,214,945.58,3
15708,40,288,3364.24,3
15709,283,6,133.25,1
15712,8,53,1072.36,3
15713,142,19,356.7,1
15714,11,35,330.88,3
15716,145,118,1118.81,3
15717,233,7,150.3,1
15719,32,937,5045.61,3
15720,23,128,598.73,3
15721,11,91,507.08,3
15722,35,69,2222.56,3
15723,364,41,203.1,1
15724,200,11,218.25,1
15725,14,32,415.25,3
15727,16,302,5178.96,3
15729,212,5,85,1
15730,65,70,1120.88,3
15732,211,14,294.12,1
15733,282,10,162.3,1
15734,114,26,1339.45,3
15737,14,72,1205.12,3
15738,18,173,4812.42,3
15739,65,8,449.12,3
15740,48,9,154.88,3
15743,15,88,784.46,3
15744,77,3,34.8,3
15745,18,62,1094.59,3
15746,133,28,196.88,3
15747,12,93,974.04,3
15748,39,21,149.31,3
15749,234,10,44534.3,1
15750,2,293,2465.48,3
15752,39,411,2637.38,3
15753,304,1,79.2,1
15754,50,28,458.57,3
15755,9,141,2364.25,3
15756,60,192,532.96,3
15757,65,45,714.42,3
15758,24,9,205.25,3
15759,217,7,253.04,1
15762,64,37,583.75,3
15763,31,61,1086.92,3
15764,87,180,3279.97,3
15766,63,11,315.06,3
15768,115,27,621.83,3
15769,6,130,56252.72,3
15773,5,10,635.68,3
15774,68,25,270.8,3
15775,244,7,104.9,1
15776,132,18,241.62,3
15777,240,21,1047.11,1
15780,183,29,475.28,1
15781,24,20,345.46,3
15782,9,43,2614.74,3
15783,10,14,246.3,3
15785,32,83,2328.97,3
15786,45,267,4932.2,3
15787,25,206,948.05,3
15789,357,25,351.3,1
15790,9,35,220.85,3
15791,43,75,1612.69,3
15793,14,12,965.61,3
15795,149,42,610.01,1
15796,0,133,2711.56,3
15797,112,8,2207.4,3
15799,75,98,884.14,3
15800,106,119,699.08,3
15801,45,64,1063.95,3
15802,142,1,451.42,1
15803,50,8,415.82,3
15804,0,262,4206.39,3
15805,22,301,5528.48,3
15806,45,31,784.58,3
15807,49,48,903.9,3
15808,305,208,3734.97,1
15809,35,35,515.77,3
15810,78,89,1391.98,3
15811,21,133,2218.62,3
15812,106,41,1801.14,3
15813,207,40,1303.91,1
15814,16,72,1945.33,3
15815,63,49,2100.6,3
15819,48,123,1905.45,3
15820,319,17,206.98,1
15821,43,62,570.96,3
15822,2,33,885.47,3
15823,371,1,15,1
15825,171,20,532.94,1
15826,55,68,1654.31,3
15827,72,115,1836.09,3
15829,98,51,636.14,3
15830,37,39,576,3
15831,57,68,801.76,3
15832,253,54,836.79,1
15834,69,273,2233.75,3
15835,43,50,954.09,3
15836,49,10,137.37,3
15837,64,24,391.98,3
15838,10,167,33643.08,3
15839,32,62,1048.49,3
15840,58,27,355.56,3
15841,72,47,1224.06,3
15843,303,8,118.95,1
15844,45,11,130.74,3
15845,17,138,3711.77,3
15847,37,22,389.27,3
15850,18,97,238.85,3
15852,186,22,160.71,1
15853,51,30,110.8,3
15854,3,140,2974.65,3
15855,136,80,712.24,3
15856,3,645,16387.57,3
15857,18,14,297,3
15858,15,191,1438.85,3
15860,40,142,977.21,3
15861,11,546,3165.36,3
15862,7,147,832.88,3
15863,25,18,68.84,3
15864,21,20,1936.32,3
15865,40,40,895.13,3
15866,100,45,230.53,3
15867,4,461,3812.64,3
15869,276,15,149.64,1
15870,32,76,354.09,3
15872,14,128,360.93,3
15874,63,120,4405.88,3
15877,1,129,493.28,3
15880,368,105,343.28,1
15881,311,29,501.39,1
15882,198,23,516.36,1
15883,1,49,396.48,3
15885,92,18,379.35,3
15886,59,12,181.09,3
15888,80,12,168.31,3
15889,156,93,446.87,1
15891,226,62,524.52,1
15894,252,41,263.55,1
15895,149,11,179.17,1
15897,193,24,222.05,1
15898,0,86,1388.88,3
15899,368,4,56.25,1
15900,23,51,351.11,3
15901,16,116,363.88,3
15903,9,74,5126.76,3
15904,7,30,164.68,3
15906,19,150,1567.69,3
15907,3,249,967.45,3
15909,173,7,191.94,1
15910,0,267,1232.18,3
15912,177,19,264.62,1
15916,15,155,1528.09,3
15917,247,12,123.1,1
15918,190,40,334.23,1
15919,19,143,639.89,3
15920,153,60,167.5,1
15921,172,25,336.03,1
15922,372,11,369.5,1
15923,372,21,127.08,1
15925,193,12,207.15,1
15930,66,21,426.63,3
15932,3,115,2495.87,3
15933,20,74,1107.46,3
15935,238,12,416.86,1
15937,63,7,145.35,3
15938,111,18,404.58,3
15939,89,76,6115.01,3
15940,310,1,35.8,1
15942,133,14,337.44,3
15944,276,6,325.1,1
15945,364,2,181,1
15947,82,29,1708.24,3
15948,7,60,955.24,3
15949,16,19,364.72,3
15950,31,98,1765.51,3
15951,8,41,708.22,3
15952,33,91,806.57,3
15953,14,98,1659.38,3
15955,23,183,4416.26,3
15957,31,42,428.89,3
15958,73,7,104.35,3
15963,19,28,470.76,3
15965,16,122,845.64,3
15967,22,84,418.83,3
15969,2,20,666.1,3
15970,303,11,314.1,1
15971,17,35,4199.85,3
15973,366,4,307.82,1
15974,38,176,3442.15,3
15975,83,24,371.01,3
15976,164,98,430.94,1
15977,16,65,1054.73,3
15978,76,49,1098.78,3
15980,88,43,2398.86,3
15981,24,97,3408.48,3
15983,21,113,1475.02,3
15984,2,270,2837.67,3
15985,122,37,1142.42,3
15986,29,14,168.12,3
15987,11,140,1451.28,3
15988,18,27,158.03,3
15990,43,52,792.11,3
15992,3,3,41.99,3
15993,8,552,2797.57,3
15994,54,35,427.07,3
15996,87,130,1060.68,3
15998,36,506,3089.97,3
16000,2,9,12393.7,3
16003,29,103,2735.37,3
16005,11,218,615.39,3
16006,210,8,101.4,1
16007,47,385,1701.94,3
16008,23,33,478.78,3
16009,21,90,992.71,3
16010,245,86,407.5,1
16011,7,212,3362.71,3
16012,34,94,1415.29,3
16013,3,139,37130.6,3
16014,37,145,662.38,3
16015,3,182,705.39,3
16016,2,235,1508.76,3
16017,46,32,211.88,3
16018,38,28,408.9,3
16019,46,160,3786.24,3
16020,16,46,851.01,3
16022,259,76,628.28,1
16023,45,101,719.81,3
16024,11,64,251.24,3
16025,29,28,439.66,3
16026,42,32,236.09,3
16027,91,16,934.62,3
16029,38,242,81024.84,3
16030,309,29,331.24,1
16031,91,100,548.94,3
16033,5,1137,8816.4,3
16034,195,22,437.7,1
16036,86,55,758.92,3
16037,269,39,855.02,1
16038,7,26,471.78,3
16040,64,65,1313.55,3
16041,30,6,3166.4,3
16042,21,71,1197.27,3
16043,37,39,773.99,3
16045,119,83,1340.7,3
16048,372,8,256.44,1
16049,39,312,1111.79,3
16050,173,10,137.9,1
16052,53,34,362.06,3
16053,32,84,1511.95,3
16054,144,70,783.9,1
16055,220,8,134.8,1
16056,44,68,664.85,3
16057,15,121,2263.12,3
16059,65,180,1459.86,3
16062,9,64,1153.62,3
16063,259,23,335.32,1
16065,364,74,372.09,1
16066,16,102,1521.87,3
16070,21,33,852.15,3
16071,44,21,326.24,3
16072,287,23,584.32,1
16073,296,1,122.4,1
16076,2,129,2234.73,3
16078,283,1,79.2,1
16079,16,21,1352,3
16080,81,10,217.16,3
16081,55,227,2806.9,3
16083,100,31,1317.62,3
16084,298,38,436.18,1
16085,22,167,981.51,3
16086,58,39,1121.39,3
16091,154,18,315.06,1
16092,114,51,817.86,3
16093,106,1,17,3
16094,11,63,1078.23,3
16096,263,12,320.62,1
16097,239,10,185.05,1
16098,87,67,2005.63,3
16099,49,39,731.9,3
16101,70,76,1290.7,3
16102,41,57,1842.14,3
16103,6,48,1429.64,3
16104,61,29,302.36,3
16105,248,13,336.96,1
16106,65,6,108.38,3
16107,17,31,3204.16,3
16108,84,48,842.5,3
16109,218,18,611.88,1
16110,44,354,1337.48,3
16112,142,16,195.74,1
16113,182,30,161.38,1
16114,170,8,135.75,1
16115,9,284,1667.97,3
16116,211,34,612.78,1
16117,189,30,232.21,1
16119,7,16,423.36,3
16120,58,30,1309.14,3
16121,56,212,867.11,3
16122,72,38,684.42,3
16123,51,16,307.78,3
16124,316,11,249,1
16125,366,13,289.35,1
16126,28,117,6287.77,3
16127,38,40,656.25,3
16128,17,89,1880.22,3
16131,51,78,3506.54,3
16133,3,338,14589.04,3
16134,21,35,618.09,3
16135,262,21,517.55,1
16136,59,37,709.38,3
16139,18,31,635.41,3
16140,65,35,725.18,3
16141,87,30,620.4,3
16142,249,37,535.34,1
16143,2,117,2424.94,3
16144,246,1,175.2,1
16145,8,224,3799.49,3
16146,156,29,734.13,1
16147,133,22,375,3
16148,295,1,76.32,1
16149,4,18,280.52,3
16150,42,117,2053.02,3
16152,268,29,1829.04,1
16153,49,89,1824.23,3
16156,8,130,3122.04,3
16157,15,18,656.69,3
16159,281,14,348.2,1
16160,64,20,1025.44,3
16161,1,474,5575.56,3
16162,251,2,37.4,1
16163,231,6,856.6,1
16164,16,34,822.48,3
16168,10,98,3787.6,3
16169,7,85,1822.97,3
16170,50,125,1885.05,3
16171,58,3,73.2,3
16172,94,69,1140.21,3
16173,15,84,1418.32,3
16174,125,23,1009.55,3
16175,93,58,1037.59,3
16177,49,15,331.95,3
16178,137,8,197.9,3
16179,60,11,215.83,3
16180,99,162,10254.18,3
16181,72,11,305.54,3
16182,71,28,6617.65,3
16183,66,15,338.71,3
16184,63,45,1158.79,3
16185,16,31,529.41,3
16186,22,218,4006.94,3
16187,31,295,6911.44,3
16188,44,67,981.86,3
16189,15,11,215.48,3
16190,39,6,215.08,3
16191,2,134,5180.52,3
16193,236,19,314.45,1
16198,74,15,400.681,3
16200,3,179,1080.62,3
16201,2,111,1863.47,3
16202,360,18,365.27,1
16203,58,35,592.9,3
16204,22,57,405.71,3
16205,30,98,761.38,3
16206,54,63,537.06,3
16207,24,19,394.38,3
16208,44,66,664.26,3
16209,88,46,2262.62,3
16210,1,123,21086.3,3
16211,88,23,547.02,3
16212,18,41,690.34,3
16213,78,6,159,3
16214,170,44,1062.75,1
16215,80,14,242.35,3
16216,266,37,914.93,1
16217,234,15,304.25,1
16218,29,84,3084.68,3
16221,36,97,864.86,3
16222,317,137,846.72,1
16224,56,96,1295.3,3
16225,44,134,1096.32,3
16226,202,8,255.12,1
16227,224,6,314.22,1
16229,86,47,1010.6,3
16230,189,35,542.03,1
16232,43,37,990.88,3
16233,70,22,536.68,3
16235,40,46,867.31,3
16236,77,20,432.2,3
16239,56,19,414.2,3
16240,23,135,3718.8,3
16241,9,662,2607.87,3
16242,7,294,3603.21,3
16243,33,51,409.1,3
16244,211,91,1522.75,1
16245,23,90,1413.66,3
16247,169,16,114.56,1
16248,61,7,152.94,3
16249,52,69,1800.07,3
16250,260,24,389.44,1
16253,66,123,3683.86,3
16255,16,270,2619.91,3
16256,266,13,752.43,1
16257,176,2,46.95,1
16258,44,135,5203.51,3
16260,50,18,1035.45,3
16261,16,124,746.83,3
16265,8,258,5447,3
16266,73,61,861.89,3
16268,70,45,667.65,3
16270,352,54,1141.24,1
16271,2,133,1429.24,3
16272,116,25,411.7,3
16274,372,67,357.95,1
16275,196,33,559.87,1
16276,176,6,810.6,1
16278,99,23,566.38,3
16279,20,107,1509.58,3
16281,71,17,2062.06,3
16282,339,11,168.3,1
16283,5,166,1570.81,3
16284,30,109,823.97,3
16287,169,8,142.5,1
16292,121,17,302.25,3
16293,21,118,2248.99,3
16295,9,79,1328.55,3
16297,268,20,301.9,1
16298,22,27,598.2,3
16302,126,11,233.22,3
16303,25,162,5360.63,3
16305,138,22,361.22,3
16306,213,41,632.27,1
16308,37,4,2560,3
16309,105,42,706.57,3
16311,17,37,616.26,3
16313,2,16,274.15,3
16315,330,14,226.37,1
16316,63,151,2938.91,3
16317,119,69,1341.65,3
16318,34,19,328.15,3
16319,217,3,404.4,1
16320,171,56,1038.46,1
16321,71,12,373.65,3
16322,0,37,326.75,3
16323,195,1,207.5,1
16324,127,118,428.68,3
16325,46,18,594.24,3
16326,5,319,3110.96,3
16327,13,319,3844.22,3
16330,17,39,251.91,3
16332,27,153,1593.2,3
16333,7,45,26626.8,3
16337,36,10,151.05,3
16338,156,11,214.8,1
16339,283,20,109.95,1
16340,106,153,549.07,3
16341,24,77,1971.87,3
16342,74,15,322.41,3
16343,15,47,370.48,3
16344,157,2,101.1,1
16345,43,38,575.41,3
16347,10,92,887.65,3
16348,31,235,1469.45,3
16349,290,9,53.5,1
16350,20,57,1116.47,3
16351,332,8,153.9,1
16352,17,28,494.44,3
16353,3,94,6675.71,3
16354,62,39,395.8,3
16356,197,31,211.77,1
16357,32,34,658.88,3
16358,0,109,2027.5,3
16359,6,66,1750.92,3
16360,4,662,3512.53,3
16361,9,106,896.66,3
16362,31,81,734.77,3
16363,52,5,109.36,3
16364,11,53,707.04,3
16365,17,51,1540.42,3
16366,18,18,327.3,3
16367,36,130,804.49,3
16368,1,76,497.43,3
16369,17,118,1553.66,3
16370,81,228,1320.56,3
16372,32,97,367.93,3
16374,65,111,473.03,3
16376,8,125,987.01,3
16377,266,5,676.2,1
16378,246,23,362.95,1
16379,3,108,2157.4,3
16380,60,32,1780.59,3
16383,74,102,668.36,3
16384,89,33,584.5,3
16385,59,59,555.89,3
16386,28,88,317.2,3
16387,322,4,94.36,1
16389,52,34,1382.07,3
16392,269,45,221.19,1
16393,1,330,3046.21,3
16394,56,83,1555.34,3
16395,60,210,1486.9,3
16398,153,82,1705.8,1
16399,18,73,408.57,3
16400,94,29,303.93,3
16401,0,186,4098.32,3
16402,264,60,299.6,1
16403,311,10,177.5,1
16404,69,23,443.05,3
16405,301,5,167.25,1
16406,18,62,163.07,3
16407,12,172,2126.93,3
16409,35,232,2028.88,3
16411,18,45,214.65,3
16412,53,35,151.83,3
16413,56,31,262.2,3
16414,21,7,126.25,3
16415,43,54,210.35,3
16416,26,71,1051.4,3
16418,44,102,675.27,3
16419,112,51,972.23,3
16422,16,369,34684.4,3
16423,24,18,346.12,3
16424,190,5,133.56,1
16425,301,21,302.7,1
16426,1,372,1908.25,3
16427,262,9,241.06,1
16429,105,2,284.55,3
16430,56,6,300.85,3
16431,212,83,642.81,1
16432,63,8,287.4,3
16433,27,17,184.26,3
16434,28,109,1522.25,3
16438,5,132,798.35,3
16440,7,282,3640.67,3
16441,66,24,381.2,3
16442,1,174,616.79,3
16444,45,84,654.67,3
16445,33,63,230.51,3
16446,0,3,168472.5,4
16447,135,36,259.01,3
16448,197,20,188.89,1
16449,197,40,707.69,1
16450,149,11,311.92,1
16451,87,14,266.97,3
16454,44,2,6.9,3
16455,63,99,1841.18,3
16456,98,111,2158.37,3
16457,217,9,208.36,1
16458,2,202,3482.74,3
16460,27,135,814.72,3
16461,177,33,151.42,1
16462,73,3,136,3
16463,20,82,1422.4,3
16464,19,236,1314.68,3
16466,33,148,1603.46,3
16468,73,2,74.9,3
16469,23,182,650.43,3
16470,51,170,762.39,3
16471,274,13,223.95,1
16473,164,18,316.11,1
16474,6,360,1871.5,3
16475,87,28,544.3,3
16477,63,146,2494.46,3
16478,24,17,331,3
16479,9,35,300.83,3
16480,75,53,769.29,3
16482,15,18,220.62,3
16483,191,19,139.35,1
16484,173,25,404.3,1
16485,76,42,363.65,3
16488,32,29,498.8,3
16491,46,39,731.5,3
16493,79,56,1351.63,3
16494,296,50,826.53,1
16495,2,97,684.41,3
16496,8,95,1599.52,3
16497,49,136,2965.69,3
16498,160,15,100.97,1
16499,359,19,365.45,1
16500,4,11,400.86,3
16503,106,84,1431.93,3
16504,24,86,484.38,3
16505,31,4,777.6,3
16506,19,3,90.3,3
16509,296,13,363.7,1
16510,371,13,248.1,1
16511,21,169,950.26,3
16513,4,35,874.59,3
16515,51,113,1627.13,3
16516,29,6,101.7,3
16517,276,17,162.7,1
16518,60,40,484.32,3
16519,24,13,215.08,3
16520,185,156,1046.57,1
16523,1,290,9418.47,3
16525,1,183,13027.45,3
16526,171,15,290.36,1
16527,80,14,228.06,3
16528,3,17,244.41,3
16529,189,30,455.25,1
16531,21,77,1244.59,3
16532,17,4,6748.8,3
16533,18,177,1095.56,3
16535,4,31,593.75,3
16536,109,55,548.97,3
16539,2,45,1388.81,3
16542,53,5,119.62,3
16545,164,3,339.3,1
16546,290,25,787.15,1
16549,9,981,4154.64,3
16550,108,251,2298.97,3
16551,95,32,922.12,3
16552,242,17,379.73,1
16553,162,84,5719.82,1
16554,41,52,837.1,3
16555,34,17,285.89,3
16556,66,207,3313.79,3
16557,23,11,281.85,3
16558,0,460,8338.49,3
16560,26,56,841.41,3
16561,5,31,511.12,3
16563,53,19,1077.74,3
16565,363,3,173.7,1
16566,14,18,614.66,3
16567,193,35,865.6,1
16569,2,5,124.2,3
16570,14,126,3738.4,3
16571,26,87,1421.69,3
16572,126,57,1009.6,3
16573,84,42,663.61,3
16574,70,28,451.44,3
16581,182,9,105.84,1
16582,112,6,313.62,3
16583,373,14,233.45,1
16584,79,28,936.08,3
16586,248,8,463.95,1
16587,231,13,225.15,1
16589,70,33,459.24,3
16591,68,10,213.5,3
16592,3,216,4113.68,3
16593,50,27,330.03,3
16594,74,53,181.09,3
16595,60,85,360.16,3
16596,15,12,250.15,3
16597,3,7,90.04,3
16598,285,10,145.05,1
16600,3,62,813.52,3
16601,40,31,244.8,3
16602,35,29,528.08,3
16603,74,34,482.47,3
16607,17,172,3347.71,3
16609,14,276,5493.46,3
16610,218,6,75.66,1
16611,185,10,129.49,1
16612,32,66,1187.66,3
16613,69,30,618.59,3
16614,182,26,506.19,1
16616,14,33,500.42,3
16617,235,5,151.85,1
16618,30,96,2647.59,3
16619,263,14,226.21,1
16620,3,9,178.96,3
16621,51,29,813.48,3
16623,245,5,129.45,1
16624,80,48,810.57,3
16625,274,23,333.08,1
16626,0,179,4413.1,3
16627,78,20,322.8,3
16628,29,117,2188.05,3
16629,73,64,417.73,3
16633,16,152,2883.1,3
16634,222,9,217.9,1
16637,31,69,1154.47,3
16638,22,94,1680.72,3
16639,30,50,1257.51,3
16641,105,12,231.1,3
16642,4,34,688.33,3
16643,245,27,487.51,1
16644,177,62,833.78,1
16647,169,14,214.06,1
16648,42,19,290.66,3
16650,71,24,518.42,3
16652,58,118,6773.97,3
16653,15,69,1212.66,3
16654,140,29,601.27,1
16655,17,261,3794.52,3
16656,21,73,8625.8,3
16657,9,208,933.62,3
16658,367,8,123.24,1
16659,188,2,39.12,1
16660,15,16,1267.65,3
16665,361,9,135.4,1
16666,18,32,118.98,3
16667,67,53,570.13,3
16668,14,20,306.72,3
16669,23,160,1374.87,3
16670,16,252,4095.9,3
16671,27,6,1692.27,3
16672,1,114,8134.94,3
16674,54,98,319.61,3
16676,33,89,1592.12,3
16678,2,163,3109.99,3
16679,365,3,129.75,1
16680,42,10,183.7,3
16681,72,44,1770.34,3
16682,4,30,1028,3
16684,3,277,66653.56,3
16685,60,62,324.24,3
16686,46,585,3062.83,3
16688,0,62,1260.86,3
16689,75,13,422.6,3
16690,71,12,225.58,3
16692,255,3,1276,1
16693,68,60,482.01,3
16696,134,10,657.9,3
16697,240,21,112.75,1
16698,226,5,1998,1
16700,8,308,5076.55,3
16701,8,144,5398.3,3
16705,0,270,14034.99,3
16706,36,123,531.35,3
16708,45,27,656.63,3
16709,84,79,3029.87,3
16710,18,402,2483.04,3
16711,2,22,1651.03,3
16712,8,447,3645.43,3
16713,18,624,6923.13,3
16714,218,93,1161.53,1
16715,77,19,301.72,3
16716,266,2,901.2,1
16717,23,199,3858.38,3
16718,368,45,623.75,1
16719,14,201,1790.42,3
16720,25,27,155.24,3
16721,261,37,292.47,1
16722,16,225,4730.81,3
16723,90,43,589.15,3
16725,301,151,781.02,1
16726,25,185,1382.02,3
16727,363,46,272.82,1
16728,45,269,1054.67,3
16729,37,660,7239.92,3
16730,51,82,743.11,3
16732,31,28,603.75,3
16734,51,53,650.51,3
16735,78,125,2300.56,3
16737,52,1,417.6,3
16738,297,1,3.75,1
16739,176,13,323,1
16742,46,1,464.9,3
16743,28,191,2238.09,3
16744,10,242,1304.76,3
16745,86,357,7194.3,3
16746,4,449,6697.66,3
16747,37,42,836.06,3
16748,17,69,1515.9,3
16750,44,95,623.93,3
16751,30,25,1764.72,3
16752,372,9,207.5,1
16753,57,34,223.92,3
16754,371,2,2002.4,1
16755,113,170,1496.83,3
16756,214,13,239.4,1
16757,318,7,106.83,1
16758,64,22,369.34,3
16759,7,42,789.79,3
16761,96,13,316.62,3
16762,19,89,1501.38,3
16763,198,23,611.85,1
16764,3,706,2799.25,3
16765,293,1,34,1
16766,272,34,1145.6,1
16767,30,222,5580.6,3
16768,47,54,478.09,3
16769,259,40,380.39,1
16770,57,145,770.1,3
16771,32,255,2246.81,3
16773,56,26,171.59,3
16774,67,48,661.52,3
16775,9,158,1695.66,3
16776,59,76,388.28,3
16777,79,50,226.35,3
16778,73,16,245.94,3
16779,1,333,10629.72,3
16780,99,60,425.19,3
16781,371,17,311.25,1
16782,9,190,2279.9,3
16784,19,3,107.6,3
16788,122,155,597.48,3
16789,7,5,80.8,3
16790,3,93,1545.62,3
16791,28,320,1721.78,3
16792,281,12,110.38,1
16793,56,16,243.84,3
16794,0,285,1222.71,3
16795,364,66,414.88,1
16796,88,18,305.62,3
16800,10,164,1201.49,3
16801,162,76,1619.73,1
16803,64,24,332.3,3
16804,22,60,536.99,3
16805,173,98,460.59,1
16806,102,103,801.49,3
16807,142,67,1121.59,1
16808,98,23,288.42,3
16809,22,149,914.69,3
16810,191,15,309.54,1
16811,4,28,547.07,3
16812,360,15,479.35,1
16813,7,449,1692.98,3
16814,13,324,6509.1,3
16816,102,28,417.06,3
16817,2,86,1604.75,3
16818,10,188,3349.57,3
16820,95,26,497.61,3
16823,226,38,358.38,1
16824,15,26,460.64,3
16825,38,28,775.18,3
16826,50,22,341.7,3
16828,92,8,128.5,3
16829,156,11,197.22,1
16830,38,23,325.91,3
16832,183,12,199.15,1
16833,0,47,1106.53,3
16834,227,24,413.46,1
16835,127,10,180.85,3
16836,39,11,251.87,3
16837,30,165,3170.98,3
16838,196,25,588.85,1
16839,8,266,16594.35,3
16841,36,116,1869.82,3
16842,100,63,1264.19,3
16843,42,378,10196.57,3
16846,49,11,214.32,3
16847,42,12,193.44,3
16848,52,14,281.42,3
16849,186,8,124.57,1
16850,333,19,332.41,1
16851,3,20,342.45,3
16852,9,9,144.91,3
16855,23,19,328.4,3
16856,14,2,35.4,3
16858,368,10,375.69,1
16859,144,52,747.81,1
16861,59,6,173.76,3
16863,30,26,502.8,3
16866,140,11,207.74,1
16869,22,128,825.42,3
16871,21,137,2812.34,3
16872,76,7,680.02,3
16873,4,279,7123.62,3
16875,66,112,2095.53,3
16877,11,159,853.72,3
16878,83,3,13.3,3
16880,30,178,1519.08,3
16881,66,1,432,3
16882,66,39,705.12,3
16883,186,38,276.73,1
16884,37,26,429.84,3
16885,14,101,471.51,3
16887,34,37,194.88,3
16889,194,135,1578.67,1
16891,1,203,809.7,3
16892,0,99,525.54,3
16893,366,45,145.93,1
16895,64,69,219.14,3
16897,298,37,289.78,1
16898,25,162,508.81,3
16899,7,125,1281.56,3
16900,16,79,887.11,3
16902,115,44,1706.88,3
16903,28,60,373.24,3
16904,3,710,3754.27,3
16905,4,208,3102.43,3
16906,81,93,579.77,3
16907,28,151,981.65,3
16909,71,18,379.14,3
16910,3,547,1510.06,3
16912,28,101,2575.38,3
16913,289,8,113.44,1
16914,35,38,208.46,3
16915,8,57,621.68,3
16916,23,143,576.26,3
16917,276,9,391.52,1
16918,49,128,1068.82,3
16919,155,327,2596.45,3
16921,60,60,169.79,3
16923,11,672,7247.61,3
16924,20,83,846.75,3
16926,370,14,230.25,1
16927,115,6,543.05,3
16928,79,209,2847.6,3
16929,3,77,1295.39,3
16930,25,54,380.55,3
16931,4,898,4604.22,3
16932,52,53,161.94,3
16933,0,44,563.23,3
16934,54,62,950.93,3
16936,25,57,262.68,3
16938,8,241,2736.38,3
16940,51,305,3049.88,3
16942,12,281,1920.59,3
16943,211,33,816.73,1
16945,21,249,4345.5,3
16947,235,21,406.48,1
16948,138,19,435.02,1
16949,3,60,1286.27,3
16950,56,42,1178.56,3
16951,134,86,1277.75,3
16952,108,16,167.61,3
16953,29,1,20.8,3
16954,0,54,2085.08,3
16955,184,25,518.67,1
16956,17,16,308.74,3
16957,238,16,416.64,1
16959,86,7,117.35,3
16960,38,101,507.05,3
16961,115,14,234.17,3
16963,186,7,110.55,1
16965,226,26,201.19,1
16966,7,28,2154.97,3
16967,188,21,319.02,1
16968,3,31,439.43,3
16969,38,42,650.41,3
16971,37,41,357.21,3
16976,266,2,251.52,1
16978,77,39,344.33,3
16979,3,89,1852,3
16980,254,87,1078.96,1
16982,60,22,384.06,3
16983,12,148,1931.25,3
16984,87,407,4481.35,3
16985,16,120,5464.12,3
16986,29,3,1873.2,3
16987,2,129,1625.05,3
16988,4,7,126.12,3
16989,6,12,1133.25,3
16990,218,1,179,1
16992,10,93,1614.31,3
16996,29,37,1456.96,3
16997,287,12,702,1
16998,149,4,295,1
16999,22,23,484.82,3
17001,0,169,3989.57,3
17002,85,49,1493.73,3
17004,45,44,1412.94,3
17006,4,44,781.78,3
17007,50,52,889.93,3
17010,17,11,195.36,3
17011,29,15,270.9,3
17014,7,74,586.33,3
17015,28,217,1842.56,3
17017,2,252,8694.26,3
17018,40,16,920.1,3
17019,10,234,1272.61,3
17022,30,7,71,3
17024,44,3,95.85,3
17025,60,9,357.77,3
17026,184,4,154.83,1
17027,78,153,890.29,3
17029,110,2,716,3
17030,63,11,146.87,3
17031,11,22,380.35,3
17033,85,28,1030.14,3
17034,15,30,745.52,3
17035,245,28,433.53,1
17037,87,75,1267.32,3
17038,29,22,112.4,3
17040,137,15,449.73,3
17041,26,70,1081.57,3
17042,2,98,1044.38,3
17043,31,102,1735.18,3
17044,24,6,948.48,3
17045,112,22,339.44,3
17046,156,22,642.02,1
17047,84,65,1100.9,3
17048,117,43,925.35,3
17049,2,318,5659.98,3
17050,95,316,3228.84,3
17051,193,43,247.14,1
17052,27,92,413.75,3
17053,130,13,498.48,3
17054,27,83,1356.33,3
17058,81,62,1179.89,3
17059,29,516,3095.04,3
17060,265,5,234.24,1
17061,73,99,5232.23,3
17062,313,70,538.37,1
17063,20,78,1461.14,3
17064,58,62,859.35,3
17068,11,296,4552.14,3
17069,27,143,2709.7,3
17070,113,64,312.14,3
17071,27,140,2429.03,3
17073,17,174,1446.09,3
17075,17,77,834.12,3
17076,35,25,841.08,3
17078,35,28,378.2,3
17079,77,2,118.8,3
17080,21,8,287.62,3
17081,24,64,290.16,3
17082,32,81,2003.85,3
17083,108,52,1405.78,3
17084,34,162,2949.75,3
17085,122,187,1566.65,3
17086,6,96,2050.08,3
17088,27,115,1991.01,3
17090,3,63,2043.95,3
17091,2,195,3827.76,3
17092,49,125,1777.78,3
17094,321,14,302,1
17095,22,74,1324.16,3
17096,14,48,1022.13,3
17097,1,211,954.42,3
17100,17,65,971.74,3
17101,9,42,1621.73,3
17102,261,1,25.5,1
17105,158,90,665.78,1
17107,32,418,10815.43,3
17109,28,117,885.04,3
17110,164,12,163.3,1
17111,46,30,248.61,3
17114,5,127,808.62,3
17115,7,39,837.5,3
17117,287,9,116.2,1
17118,317,10,157.02,1
17119,2,35,606.91,3
17120,232,18,307.46,1
17122,118,7,138.32,3
17123,161,9,345.3,1
17124,184,32,298.89,1
17125,49,40,259.35,3
17126,151,260,1004.75,3
17128,334,14,157.09,1
17131,4,134,2463.17,3
17133,15,27,4892.24,3
17134,106,24,425,3
17135,15,52,1139.73,3
17138,275,24,380.5,1
17139,15,478,10668.47,3
17140,246,20,465.32,1
17142,238,15,579,1
17144,0,48,984.57,3
17146,105,35,749.78,3
17147,22,81,1714.59,3
17148,51,9,124.88,3
17152,194,14,1689.5,1
17153,23,14,213.78,3
17154,74,23,329.34,3
17155,17,20,251.7,3
17157,7,13,319,3
17158,31,67,1266.97,3
17159,21,101,1538.88,3
17160,30,229,3518.03,3
17162,28,104,1715.46,3
17163,21,5,293.1,3
17164,32,144,2467.35,3
17165,283,10,158.68,1
17166,38,12,206.34,3
17169,57,54,835.78,3
17171,288,16,224.91,1
17172,78,15,317.76,3
17173,4,86,3766.6,3
17174,217,4,59.9,1
17175,43,63,1443.69,3
17176,201,15,306.13,1
17179,177,80,711.79,1
17180,55,128,796.03,3
17181,56,23,239.92,3
17183,7,73,3347.31,3
17186,46,2,144,3
17187,226,10,203.95,1
17188,10,84,2474.23,3
17189,105,61,384.4,3
17190,58,19,444.74,3
17191,27,237,2095.13,3
17193,35,32,1699.3,3
17194,273,29,262.62,1
17197,29,29,1013.01,3
17198,23,96,692.22,3
17201,53,40,342.63,3
17203,35,152,3563.85,3
17204,174,57,1564.56,1
17205,53,13,384.08,3
17206,52,7,204.24,3
17211,26,211,2317.22,3
17212,252,4,226.85,1
17213,39,157,2781.23,3
17214,59,103,1069.12,3
17217,233,9,113.5,1
17218,3,274,1960.72,3
17219,31,25,114.23,3
17220,23,472,3198.25,3
17221,6,63,335.13,3
17222,64,28,354.15,3
17223,309,49,426.79,1
17226,308,21,393.49,1
17227,18,47,939.32,3
17228,15,208,1906.09,3
17229,95,47,318.76,3
17230,263,69,3638.41,1
17231,11,541,3174.32,3
17232,2,36,421.52,3
17233,34,25,190.88,3
17234,182,14,149.89,1
17235,24,29,550.06,3
17236,12,105,916.13,3
17237,10,19,314.69,3
17238,2,566,3744.65,3
17239,312,15,382.5,1
17242,107,40,1135.04,3
17243,0,400,8676.85,3
17244,52,31,954.9,3
17245,204,9,171.45,1
17247,14,55,282.19,3
17248,119,69,318.65,3
17250,3,57,384.52,3
17251,362,39,283.28,1
17252,116,87,353.86,3
17253,17,18,178.26,3
17254,4,112,272.44,3
17255,40,78,298.41,3
17256,106,16,240,3
17259,147,124,603.37,1
17262,51,12,1253.36,3
17263,207,23,63.44,1
17265,138,127,562.9,3
17266,1,80,310.64,3
17267,126,38,317.62,3
17268,107,6,763.64,3
17272,41,114,2148.63,3
17274,34,27,111.98,3
17277,227,69,1065.35,1
17278,240,15,246.04,1
17279,57,9,187.83,3
17282,129,94,1703.41,3
17284,59,292,1652.58,3
17286,21,45,153.92,3
17287,25,124,1064.11,3
17288,8,142,1419.73,3
17289,31,111,944.41,3
17290,3,102,525.24,3
17291,307,1,550.8,1
17293,7,135,1875.11,3
17295,28,69,556.95,3
17297,16,51,131.78,3
17298,100,30,498.42,3
17299,11,57,669.11,3
17301,20,66,197.63,3
17302,14,79,1135.63,3
17303,360,53,250.04,1
17306,10,66,8631.31,3
17309,94,12,82.75,3
17311,77,55,1384.85,3
17312,138,14,644.3,1
17313,30,24,2328.84,3
17314,24,131,2527.92,3
17315,1,473,6292.26,3
17317,45,9,2600.34,3
17320,99,73,1200.62,3
17321,7,107,700.86,3
17323,14,200,921.07,3
17324,17,50,990.23,3
17325,279,6,96.8,1
17329,13,33,523.11,3
17330,22,6,363.9,3
17331,123,1,175.2,3
17333,85,28,494.25,3
17334,301,11,307.02,1
17337,150,543,2027.87,3
17338,16,753,6643.93,3
17339,93,9,243.36,3
17340,29,407,12353.29,3
17341,156,183,781.36,1
17343,354,17,193.64,1
17344,45,32,160.57,3
17345,14,87,537.74,3
17346,3,500,2676.56,3
17347,85,1,228.96,3
17348,14,215,1159.52,3
17349,178,9,110.75,1
17350,7,71,1286.07,3
17351,35,27,587.15,3
17353,128,8,1740,3
17354,50,16,1393.06,3
17356,311,19,178.22,1
17357,23,45,388.14,3
17358,302,59,365.85,1
17359,10,15,127.86,3
17360,16,132,585.79,3
17361,48,29,488.2,3
17362,238,35,312.23,1
17364,0,411,4481.18,3
17365,12,468,4801.56,3
17367,237,34,168.4,1
17368,22,111,1912.67,3
17370,72,33,446.18,3
17371,16,87,423.89,3
17372,40,253,1342.68,3
17373,39,57,646.92,3
17374,218,28,495.77,1
17375,198,69,400.1,1
17376,70,24,203.2,3
17377,23,418,4100.92,3
17379,10,83,404.66,3
17381,8,109,20275.61,3
17382,64,2,65.4,3
17383,3,51,199.29,3
17384,18,15,336.4,3
17385,14,47,261.11,3
17386,7,28,2686.42,3
17387,19,78,784.11,3
17388,77,15,1259.56,3
17389,0,213,31833.68,3
17391,163,3,508.8,1
17392,306,62,457.91,1
17394,218,4,203.87,1
17396,38,27,7330.8,3
17397,21,92,696.41,3
17398,114,38,653.38,3
17400,125,213,2129.96,3
17402,4,59,2633.85,3
17403,35,33,281.62,3
17404,3,198,31906.82,3
17405,0,82,1031.41,3
17406,332,113,2200.42,1
17408,162,2,32.65,1
17409,184,13,771.85,1
17410,15,64,1214.72,3
17411,11,41,778.94,3
17412,2,66,1258.06,3
17414,43,6,778,3
17415,79,14,507.84,3
17416,29,269,6893.42,3
17418,41,30,463.46,3
17419,10,206,4226.57,3
17420,49,30,598.83,3
17422,15,117,1979.37,3
17423,45,26,698.41,3
17425,18,43,759.17,3
17426,7,271,5037.26,3
17427,71,2,100.8,3
17428,0,328,17256.85,3
17429,127,39,524.92,3
17430,32,14,265.76,3
17431,312,43,403.3,1
17432,17,48,365.76,3
17433,87,54,303.16,3
17434,1,134,2373.82,3
17436,1,9,216.3,3
17438,253,17,388.45,1
17440,156,5,186.42,1
17442,36,135,2248.56,3
17443,219,1,534.24,1
17444,147,135,2940.04,1
17446,176,9,120.9,1
17447,39,36,541.53,3
17449,1,277,2520.86,3
17450,7,337,194550.79,4
17451,0,100,1721.4,3
17453,17,19,486.72,3
17454,191,61,517.53,1
17455,203,8,131.7,1
17456,364,17,249.86,1
17457,126,19,1737.7,3
17458,14,54,316.5,3
17459,42,111,657.3,3
17460,93,29,622.43,3
17461,22,111,757.46,3
17462,59,27,675.69,3
17463,15,215,1896.41,3
17464,157,9,289.96,1
17466,9,41,763.28,3
17468,9,5,137,3
17469,15,88,1870.97,3
17470,44,78,1125.07,3
17472,190,181,710.29,1
17475,78,14,194.37,3
17480,77,29,511.82,3
17481,3,82,1255.59,3
17483,64,21,414.04,3
17486,260,24,396.87,1
17489,58,29,376.64,3
17490,0,76,2092.32,3
17491,0,109,3558.87,3
17492,247,12,374.57,1
17495,7,27,497.56,3
17496,358,10,271.05,1
17498,75,17,272.22,3
17499,289,40,622.88,1
17500,16,5,1138,3
17501,220,18,288.6,1
17502,8,28,689.1,3
17503,2,38,558.96,3
17504,205,127,2997.03,1
17505,161,52,1145.84,1
17506,75,14,302.2,3
17507,261,88,605.58,1
17508,280,22,387.31,1
17509,57,366,6115.14,3
17510,24,20,308.48,3
17511,2,963,91062.38,3
17512,28,105,2924.99,3
17513,71,6,513.2,3
17514,127,40,208.65,3
17515,30,87,639.02,3
17516,14,137,768.08,3
17517,308,11,153.94,1
17519,16,82,1844.02,3
17520,53,30,546.81,3
17521,29,45,723.21,3
17522,1,73,1070.71,3
17523,10,33,652.74,3
17524,360,6,145,1
17525,359,9,422.7,1
17526,4,19,1195.9,3
17527,53,47,939.37,3
17528,0,253,3628.5,3
17530,0,394,2385,3
17531,189,14,296.7,1
17534,53,9,223.36,3
17535,279,13,164.4,1
17536,176,3,76.5,1
17537,29,75,897.62,3
17538,25,9,98.42,3
17540,24,25,578.9,3
17542,269,25,170.75,1
17545,42,145,645.96,3
17548,233,5,103.3,1
17549,23,6,148.86,3
17550,196,42,267.16,1
17551,358,43,306.84,1
17552,59,49,930.41,3
17553,129,2,1487.6,3
17554,0,88,1952.45,3
17555,19,106,483.26,3
17556,205,6,157.9,1
17557,13,34,541.46,3
17560,94,26,854.95,3
17561,18,46,167.62,3
17562,13,63,1122.38,3
17564,23,49,454.01,3
17566,7,152,901.21,3
17567,6,165,4331.48,3
17569,331,29,344.14,1
17571,49,299,1498.51,3
17572,70,12,226.75,3
17573,28,25,380.6,3
17574,242,8,185.65,1
17576,7,411,3622.68,3
17578,217,5,143.46,1
17579,4,50,448.9,3
17580,252,45,215.72,1
17581,0,440,11045.04,3
17582,235,29,175.27,1
17584,6,35,1242.3,3
17585,108,214,1133.07,3
17588,99,23,1240.2,3
17589,59,253,2404.17,3
17590,1,201,1479.22,3
17591,72,166,2225.97,3
17593,3,213,3927.34,3
17594,84,50,993.18,3
17595,11,83,388.79,3
17596,22,270,2827.93,3
17597,213,55,2044.37,1
17600,17,13,161.67,3
17601,238,9,116.01,1
17602,1,560,5102.97,3
17603,77,11,394.72,3
17604,216,63,309.36,1
17608,32,59,193.42,3
17609,40,237,1112.22,3
17611,6,576,3984.22,3
17612,52,135,2048.45,3
17613,22,312,4559.15,3
17614,56,100,390.07,3
17615,129,14,329.6,3
17616,173,3,571.2,1
17618,5,78,971.58,3
17619,311,77,218.52,1
17620,59,4,81.44,3
17621,20,26,1379.9,3
17623,32,33,527.05,3
17624,14,50,843.48,3
17625,17,315,2047,3
17628,80,5,75.75,3
17629,5,123,1814.12,3
17630,169,26,503.6,1
17631,1,39,528.33,3
17633,30,70,1324.84,3
17634,35,297,2361.97,3
17636,18,20,285.56,3
17637,30,35,547.06,3
17639,275,7,108.5,1
17640,86,5,621.66,3
17642,119,40,712.29,3
17643,372,8,101.55,1
17644,0,157,2895.64,3
17646,218,51,1008.39,1
17647,64,7,133.06,3
17648,60,91,1797.5,3
17649,137,52,868.49,3
17650,20,8,166.08,3
17651,11,232,3945,3
17652,24,259,4867.72,3
17653,36,44,1207.56,3
17654,276,22,117.55,1
17655,10,91,2638.94,3
17656,72,82,1674.69,3
17658,25,19,595.42,3
17659,16,158,2999.46,3
17660,140,45,196,1
17663,25,86,1802.91,3
17664,18,43,604.64,3
17666,3,18,728.16,3
17667,65,116,2055.51,3
17668,0,15,347.75,3
17669,42,68,3406.72,3
17670,227,11,205.7,1
17671,15,53,1572.71,3
17672,49,110,3178.17,3
17673,1,227,1629.12,3
17674,73,27,551.04,3
17675,0,705,20374.28,3
17676,3,78,1387.68,3
17677,1,304,16363.23,3
17678,263,16,298.11,1
17679,52,30,1992.11,3
17680,23,11,184.4,3
17682,9,118,2474.33,3
17684,43,15,239.41,3
17685,16,130,3191.53,3
17686,6,286,5739.46,3
17690,29,256,4757.95,3
17691,357,19,290.4,1
17692,126,46,740.94,3
17693,136,16,200.47,3
17694,141,15,283.12,1
17695,131,35,765.34,3
17696,37,115,2285.71,3
17697,235,19,338.95,1
17698,260,8,154.95,1
17700,16,142,2534.64,3
17701,252,24,417.95,1
17702,29,74,1824.37,3
17703,34,55,798.74,3
17704,168,31,885.19,1
17705,2,103,1823.52,3
17706,3,382,10504.49,3
17707,184,5,152.4,1
17708,187,35,267.08,1
17709,169,7,137.45,1
17711,10,23,385.1,3
17712,44,29,522.91,3
17714,320,10,153,1
17715,200,1,326.4,1
17716,22,245,5655.99,3
17718,231,6,139.35,1
17719,37,274,5396.04,3
17720,25,50,1195.94,3
17722,95,115,2424.04,3
17723,126,10,3276.4,3
17724,70,40,1033,3
17725,15,192,3439.08,3
17727,14,66,1060.25,3
17728,3,165,2876.01,3
17730,2,218,5298.48,3
17731,78,67,1240.11,3
17732,372,18,303.97,1
17733,38,35,692.19,3
17734,53,43,700.63,3
17735,1,690,13110.02,3
17736,8,25,377.44,3
17737,8,10,168.24,3
17738,18,97,1879.05,3
17739,11,47,2791.35,3
17742,112,15,355.11,3
17744,3,136,2322.4,3
17746,239,6,110.25,1
17747,112,1,71.4,3
17749,177,35,674.52,1
17750,4,193,1797.57,3
17752,358,1,80.64,1
17754,0,92,1772.26,3
17757,0,741,5605.29,3
17758,18,412,3456.7,3
17759,16,95,834.99,3
17760,21,25,287.59,3
17761,32,19,712.78,3
17763,262,1,15,1
17764,50,75,818.82,3
17765,158,57,371.88,1
17767,14,21,271.2,3
17768,7,105,2273.18,3
17769,12,310,3997.98,3
17770,198,38,1143.27,1
17771,56,54,245.81,3
17772,10,53,182.77,3
17774,96,156,1225.41,3
17775,254,3,56.4,1
17777,24,194,665.86,3
17779,20,82,658.57,3
17781,158,12,188.02,1
17783,71,67,283.47,3
17785,52,13,131.94,3
17786,84,72,278.74,3
17787,152,134,1865.19,1
17788,73,5,1117.9,3
17789,280,14,225.9,1
17790,26,190,1965.55,3
17791,29,10,106.1,3
17793,24,58,323.04,3
17795,179,46,350.39,1
17796,39,82,697.9,3
17797,21,111,780.43,3
17799,21,408,3055.93,3
17800,36,104,1199.01,3
17802,81,140,1285.04,3
17805,73,10,512.31,3
17806,10,43,546.04,3
17809,15,61,5411.91,3
17811,3,851,7837.73,3
17812,12,141,732.16,3
17813,13,371,1770.88,3
17816,36,17,36.56,3
17817,3,33,387.68,3
17819,71,48,3704.87,3
17824,50,13,298.4,3
17827,4,220,1995.46,3
17828,22,67,1820.09,3
17829,298,30,889.24,1
17830,1,23,398.7,3
17831,32,2,35.4,3
17832,49,61,155.37,3
17835,2,61,350.64,3
17836,46,24,110.21,3
17837,41,169,1593.38,3
17838,26,121,2779.3,3
17839,41,56,338.8,3
17841,1,7847,40991.57,2
17843,302,37,205.48,1
17844,106,5,51.56,3
17846,84,1,2033.1,3
17848,80,51,901.2,3
17849,217,26,605.8,1
17850,371,297,5391.21,1
17852,11,24,114.34,3
17854,184,15,311.26,1
17855,372,17,208.97,1
17856,1,15,1418.03,3
17857,3,54,26879.04,3
17858,5,199,5155.66,3
17859,304,25,148.21,1
17860,368,58,252.8,1
17861,2,222,2100.8,3
17862,323,11,330.9,1
17863,58,148,3160,3
17864,12,102,597.5,3
17865,30,370,10526.32,3
17866,142,9,329.65,1
17867,29,79,1197.1,3
17869,106,40,428.18,3
17870,1,279,1894.35,3
17871,204,10,155.9,1
17873,79,44,1859.16,3
17874,184,46,683.46,1
17877,169,12,237.61,1
17878,43,26,379.45,3
17879,173,6,178.52,1
17880,364,26,458.92,1
17881,303,8,133.35,1
17883,2,145,671.77,3
17884,3,117,717.45,3
17885,11,64,190.19,3
17886,31,109,899.61,3
17887,128,10,111.35,3
17888,20,67,726.05,3
17889,211,21,203.87,1
17890,322,94,602.09,1
17891,161,34,203.86,1
17892,55,28,244.1,3
17893,224,16,112.25,1
17894,71,193,1119.81,3
17895,43,16,98,3
17896,22,2,256.32,3
17897,172,114,566.6,1
17898,84,28,152.06,3
17899,158,32,155.8,1
17900,189,6,112.2,1
17901,28,19,110.38,3
17904,20,38,191.67,3
17905,70,34,800.24,3
17906,246,12,72.9,1
17908,373,58,243.28,1
17911,8,39,366.23,3
17912,309,38,311.01,1
17913,58,59,411.6,3
17914,3,80,336.43,3
17917,44,94,341.28,3
17919,87,23,1304.04,3
17920,3,696,4204.1,3
17921,63,145,826.52,3
17923,281,1,207.5,1
17924,11,31,2962.5,3
17925,372,1,244.08,1
17926,132,21,397.29,3
17928,44,23,212.54,3
17929,10,5,843,3
17930,35,39,1740.48,3
17931,133,65,408.36,3
17932,28,90,1331.57,3
17934,51,21,704.25,3
17935,137,29,145.79,1
17936,4,77,389.84,3
17937,8,43,4301.22,3
17939,159,12,99.14,1
17940,48,19,4106.44,3
17941,130,2,304.56,3
17942,7,2,77.5,3
17946,232,20,149.58,1
17947,36,9,176.68,3
17948,146,1,358.56,1
17949,0,70,58510.48,3
17950,71,71,482.2,3
17951,39,20,1008.54,3
17954,4,485,2332.72,3
17955,198,19,557.3,1
17956,248,1,12.75,1
17957,65,31,111.68,3
17958,116,7,508.46,3
17960,170,26,73.78,1
17961,20,249,1296.44,3
17962,141,35,102.83,1
17964,31,104,471.7,3
17965,37,329,2622.57,3
17966,37,68,1098.43,3
17967,371,48,123.07,1
17968,373,85,277.35,1
17969,165,14,228.2,1
17970,210,31,582.59,1
17972,241,31,136.04,1
17973,51,15,337.04,3
17974,24,179,740.79,3
17975,14,296,4488.81,3
17976,371,65,353.19,1
17977,28,21,288.14,3
17978,364,12,300.92,1
17979,35,146,757.71,3
17980,165,30,811.45,1
17984,144,48,152.68,1
17985,21,23,634.95,3
17986,55,1,20.8,3
17987,184,13,198.57,1
17988,11,38,201.12,3
17990,236,29,630.84,1
17991,224,5,93.35,1
17994,121,81,678.49,3
17995,281,2,76.1,1
17997,73,166,1970.67,3
17999,36,93,382.06,3
18001,11,58,417.23,3
18004,361,40,169.47,1
18005,3,60,249.72,3
18006,22,22,444.68,3
18008,69,30,2116.19,3
18009,234,32,257.34,1
18010,256,14,174.8,1
18011,372,28,102.79,1
18013,154,31,187.29,1
18014,27,32,166.42,3
18015,3,46,120.03,3
18016,31,123,1483.56,3
18017,80,3,523,3
18018,107,29,122.14,3
18019,51,5,38.45,3
18022,35,191,668.11,3
18024,152,21,389.78,1
18027,98,21,115.31,3
18030,3,9,230.65,3
18032,333,5,73.5,1
18033,64,34,97.97,3
18034,21,112,422.88,3
18035,35,53,730.4,3
18036,31,96,405.62,3
18037,153,19,70.02,1
18040,18,19,357.2,3
18041,11,472,4183.39,3
18042,53,7,165.05,3
18043,24,121,559.51,3
18044,3,127,2088.6,3
18045,44,47,189.4,3
18048,202,7,172.29,1
18050,358,5,74.4,1
18053,70,20,300.02,3
18055,6,360,6784.19,3
18056,287,19,363.65,1
18058,9,3,170.16,3
18059,22,18,306.46,3
18061,21,46,2119.41,3
18062,172,27,720.52,1
18064,132,7,814,3
18065,5,137,2392.83,3
18066,74,10,318,3
18067,39,37,396.33,3
18068,288,1,101.7,1
18069,25,470,2036.67,3
18071,257,25,453,1
18072,185,18,247.44,1
18073,113,73,3877.52,3
18074,373,13,489.6,1
18075,22,142,2611.75,3
18077,7,227,2633.01,3
18078,216,29,336.13,1
18079,44,127,3651.97,3
18080,18,2,1231.5,3
18081,35,17,343.45,3
18082,25,73,703.37,3
18084,15,1,90.48,3
18085,329,29,689.95,1
18086,273,7,101.34,1
18087,97,2,4055.72,3
18088,60,39,167.67,3
18092,1,89,9068.26,3
18093,92,36,2106.52,3
18094,81,70,3017.3,3
18095,312,21,580.05,1
18096,11,213,911.15,3
18097,7,108,2697.8,3
18099,126,19,168.31,3
18101,10,41,223.65,3
18102,0,431,259657.3,4
18104,36,38,754.64,3
18105,37,18,113.48,3
18106,329,39,430.7,1
18108,253,17,271,1
18109,1,444,8052.97,3
18110,19,46,236.3,3
18112,11,26,352.69,3
18113,368,1,76.32,1
18114,289,28,220.1,1
18116,67,378,1418.03,3
18117,25,74,320.72,3
18118,10,1279,5653.82,3
18119,367,30,181.12,1
18120,213,17,111.15,1
18121,148,32,673.1,1
18122,7,364,1826.21,3
18123,23,36,589.44,3
18125,29,196,1142.99,3
18126,60,56,206.83,3
18127,18,47,348.73,3
18129,242,14,112.55,1
18130,14,70,1059.39,3
18133,211,1,931.5,1
18135,28,20,681.91,3
18136,62,38,784.33,3
18138,294,8,152.65,1
18139,17,159,8438.34,3
18142,156,15,1019.52,1
18143,116,61,1000.16,3
18144,7,43,2888.75,3
18145,12,221,2861.55,3
18146,140,10,160.35,1
18147,45,7,179.34,3
18149,50,16,612.08,3
18150,31,37,566.58,3
18151,134,38,653.35,3
18154,2,21,399.19,3
18155,74,25,371.62,3
18156,12,140,734.94,3
18158,8,34,453.4,3
18159,300,23,530.15,1
18160,56,39,638.06,3
18161,14,80,1618.69,3
18164,36,24,399.65,3
18165,176,10,302.46,1
18167,22,37,1384.86,3
18168,175,131,1169.94,1
18169,60,9,202.65,3
18170,32,38,980.31,3
18171,58,54,1231.31,3
18172,14,189,7561.68,3
18173,86,31,2106.84,3
18174,6,1,104,3
18176,357,30,476.35,1
18177,30,74,1341.42,3
18178,128,97,1590.81,3
18179,8,90,1793.17,3
18180,4,119,1843.75,3
18181,23,44,382.8,3
18183,226,37,632.07,1
18184,14,1,49.8,3
18185,248,17,304.25,1
18188,14,71,2001.04,3
18189,77,68,1090.24,3
18190,191,15,284.46,1
18191,261,7,207.8,1
18192,71,45,957.97,3
18193,164,16,243.76,1
18194,81,7,973.84,3
18196,94,141,689.13,3
18198,3,159,5425.56,3
18200,105,32,163.8,3
18202,199,68,1396.99,1
18203,156,19,160.42,1
18204,70,200,1993.7,3
18205,35,32,517.36,3
18209,28,8,139.1,3
18210,1,134,2621.38,3
18211,25,42,600.07,3
18212,325,43,248.42,1
18213,236,15,232.48,1
18215,88,13,299.34,3
18216,30,26,481.75,3
18217,28,31,621.75,3
18218,210,21,662.08,1
18219,2,114,2069.77,3
18220,226,2,305.28,1
18221,21,64,1041.61,3
18222,92,19,443,3
18223,4,272,6484.54,3
18224,263,10,158.95,1
18225,2,271,5509.12,3
18226,43,242,5228.05,3
18227,217,5,93.75,1
18228,56,30,779.9,3
18229,11,164,7276.9,3
18230,8,86,2810.2,3
18231,191,124,2083.27,1
18232,81,37,592.97,3
18233,325,1,440,1
18235,71,104,1796.48,3
18236,29,49,882.24,3
18237,2,61,987.1,3
18239,218,88,1561.61,1
18240,45,6,422.58,3
18241,9,104,2073.09,3
18242,71,78,2232.49,3
18245,6,175,2567.06,3
18246,23,4,596.1,3
18248,122,47,804.02,3
18249,16,8,95.34,3
18250,309,21,349.27,1
18251,86,16,4314.72,3
18252,50,98,526.67,3
18255,88,6,103.3,3
18257,38,118,2337.63,3
18259,24,42,2338.6,3
18260,172,134,2643.2,1
18261,42,21,324.24,3
18262,139,13,149.48,1
18263,25,61,1213.16,3
18265,71,46,801.51,3
18268,133,1,25.5,3
18269,365,7,168.6,1
18270,37,11,283.15,3
18272,2,166,3078.58,3
18273,1,3,204,3
18274,29,11,175.92,3
18276,43,14,335.86,3
18277,57,8,110.38,3
18278,73,9,173.9,3
18280,277,10,180.6,1
18281,180,7,80.82,1
18282,7,12,178.05,3
18283,3,756,2094.88,3
18287,42,70,1837.28,3
